Year,65,66,67,68,69,70,71,72,73,74,75,76,77,78,79,80,81,82,83,84,85,86,87,88,89,90
1956,389598.89,374602.9,360190.055,342406.735,323436.405,304106.755,285277.075,262922.59,244533.595,226639.93,208934.94500000004,193705.265,177717.11,159542.61,141005.605,124509.815,105116.855,87010.45,71090.02,53648.215000000004,41804.235,35260.37,26624.000000000004,19446.93,14739.065,10550.84
1957,397474.69999999995,381993.54,366482.545,351599.72,332876.05,313313.565,293293.38999999996,273891.88999999996,251027.895,232071.57,213798.74000000002,195568.07,179811.91,163321.73,145061.74,129714.32,110828.105,92147.67,75204.275,60415.354999999996,45074.6,34440.96,28498.1,21146.75,15106.210000000001,11276.68
1958,408539.2,390768.87000000005,374811.03,358805.70499999996,342744.54,323464.19999999995,303005.54,282457.045,262273.22000000003,238732.05,219203.37999999998,200120.70999999996,181796.71999999997,165665.395,149146.555,133059.43,115448.01000000001,97493.31,79972.04,64296.00000000001,50683.770000000004,36960.355,27885.4,22566.219999999998,16377.54,11566.0
1959,422710.87,401351.19999999995,382914.87,366382.70999999996,349710.20999999996,332954.88,312952.89,291679.22,270529.405,249554.065,225856.24000000002,205860.24000000002,186537.07,167927.90000000002,151805.07,136378.81,119217.84,102135.25,85115.22,68857.79,54198.76,42034.21,30135.969999999998,22311.350000000002,17719.35,12645.855
1960,432336.51,415083.01,393241.18,373903.01,356926.68000000005,339480.18000000005,321849.68000000005,301166.85500000004,279425.19,257505.69,236062.36000000002,211961.02,191806.86000000002,172089.18,153572.35,138051.53,121963.51000000001,105274.86,88883.955,73189.77,58103.03,45078.0,34332.3,23975.910000000003,17501.985,13541.48
1961,449203.595,424833.44,407579.115,384790.79,364701.96,348336.805,327655.135,309927.32,288484.815,266486.49,243951.495,221630.01000000004,197601.175,177093.005,157348.67,139930.64,123255.325,107551.125,91359.48999999999,75983.25,61444.07,48074.17,36534.145,27050.434999999998,18711.559999999998,13254.3
1962,458837.59,441564.75499999995,417308.25999999995,399182.94,375576.11,356519.295,336825.13,316089.295,297678.805,275866.305,253014.47999999998,229997.655,207345.99,183143.82499999998,162920.32499999998,144537.165,125501.96500000001,109263.835,93959.97499999999,78715.695,64516.31,51244.34,39271.79,29226.805,21251.48,14375.954999999998
1963,467157.72,450785.555,432726.895,408090.39,389268.555,365217.91,345022.06,324623.905,303340.405,284089.41500000004,261519.755,238317.41499999998,214715.91999999998,191821.74999999997,167945.585,148969.55000000002,129588.85500000001,110860.665,95163.045,80647.70999999999,66417.275,53411.435,41767.475,31311.3,22750.01,16245.375
1964,476603.44,458125.11,441745.115,422669.455,397398.96,378456.81,353508.47,332182.82000000007,311633.825,289100.66,267867.5,246268.68,222229.175,198573.175,175792.175,153939.43000000002,133719.365,114844.685,97046.34,82066.9,68404.24,55375.155,43678.649999999994,33424.72,24523.050000000003,17550.614999999998
1965,481274.35000000003,467736.85000000003,449359.68,431565.52,411845.69,386776.53,366806.2,340856.03,319240.2,297507.03,273421.02499999997,252953.36,230524.04,206341.71000000002,183071.705,161305.555,139034.92,119273.87,101269.72,84589.24,70321.47499999999,57690.68000000001,45873.119999999995,35579.969999999994,26720.72,19183.440000000002
1966,494619.36000000004,472925.7,458654.86000000004,439457.69999999995,420868.04,400454.04,374702.19999999995,353840.70999999996,327212.37999999995,304944.05,282457.70999999996,258112.87999999998,237205.20999999996,213904.39,189826.20999999996,167098.69,145084.49,123739.03,104578.145,87736.48,72080.01,58980.09,47641.47,37149.405,28156.61,20608.71
1967,509376.85000000003,486191.34,463705.34,448640.68,428924.84,409414.51,388174.01,361691.52,340040.35000000003,312793.18,289844.35,266733.52,241846.02,220583.34999999998,197189.19,173586.53999999998,150477.43,129401.22,108713.095,90812.89,74983.9,60571.26,48552.37,38492.07,29448.019999999997,21926.4
1968,508190.85000000003,500676.68,476924.68,453892.67,437888.84,417430.51,396905.34,374993.85000000003,347847.85000000003,325063.85,297496.69,273927.52,250169.17999999996,225183.02,203484.34999999998,180622.53999999998,156673.33,134328.88999999998,113962.02,94355.73,77724.37,63253.21,50085.58,39455.51,30704.050000000003,23021.510000000002
1969,510202.67,499145.83,490830.33,466476.67,442624.33,425607.67,404195.83,382795.0,359715.5,331946.33,308417.84,280113.32999999996,256178.34000000003,232088.33,206851.84000000003,183336.08000000002,162061.0,138885.96000000002,117316.01,97915.65,79797.37,64632.350000000006,51471.86,40093.38,30757.82,23376.04
1970,517330.53,500208.03,489241.20499999996,478849.035,453649.04,428057.38,411028.375,387581.545,366392.88,341201.05,313789.21499999997,289866.215,261857.555,237362.055,212511.73,186412.235,164997.745,144021.33,121801.12000000001,101223.845,83145.65,66592.37999999999,52964.350000000006,41382.53,31570.72,23776.32
1971,525991.19,507967.52,491138.35000000003,477969.18,466203.03,439436.87000000005,414015.87000000005,394899.7,371580.03,348151.03,323495.71,295727.37,271700.21,243167.21000000002,218092.87,194198.08000000002,168105.96000000002,146926.13,126649.73,105345.19,86205.26,69832.22,54942.81,42587.78,32794.479999999996,24351.010000000002
1972,537905.88,517251.87,498588.54,480858.72,466582.39,453669.555,426355.23,399936.06,379870.895,355681.91000000003,331000.74,305656.405,277518.25,252746.25,224415.23999999996,199993.27500000002,175345.15500000003,149913.55000000002,129274.91,109719.0,89872.13,72464.37000000001,57590.35,44331.93,33801.57,25360.105000000003
1973,544357.3500000001,528950.02,507825.35000000003,488390.18,469755.025,454379.7,440375.36000000004,412139.2,385046.53,363801.53,338669.38,313146.20999999996,287106.86999999994,258619.21000000002,233558.04,206309.22,181203.95,156700.01,132080.24,112389.93,93964.54,75783.35,59944.93000000001,46855.11,35376.02,26314.010000000002
1974,550645.7250000001,535707.7300000001,519510.39,497741.24,477356.735,457653.42000000004,441164.745,425906.26499999996,397168.6,369044.105,346755.26999999996,320729.27999999997,294669.29,268100.12,239552.62,215145.77999999997,187239.47499999998,162237.02999999997,138717.265,115303.68000000001,96401.37,79331.81000000001,62878.46,48895.88,37468.060000000005,27665.309999999998
1975,545978.545,541912.55,526110.05,509164.06,486433.89,465205.235,444579.9,426953.745,410463.075,380749.09,352153.76,328526.925,301925.42999999993,275213.1,248372.6,220571.15,195228.21,168000.56999999998,143723.65,121071.555,99010.49,81477.85999999999,65929.48000000001,51248.990000000005,39071.76,29231.620000000003
1976,529913.53,537463.21,532127.7000000001,515623.55,497724.39,474021.88,451950.9,430122.73,411325.225,393300.74,362902.07,333417.41500000004,308984.74,281595.08,254466.90999999997,228174.02,199798.78,174869.85,148328.72000000003,125159.63,103787.72,83574.66,67478.05,53560.37,40649.05499999999,30436.690000000002
1977,530070.2100000001,521809.21499999997,528306.55,522046.725,504449.22,485720.4,461182.9,437650.24,414984.75,394917.085,375584.92000000004,344675.26,314591.6,289167.76999999996,261629.77000000002,235702.6,207802.2,179764.46,155291.03,130186.75,107889.66,87828.93,69552.38,55182.11,42817.12,31865.49
1978,534679.02,522507.52,513554.19,518946.35000000003,511846.86000000004,493250.86000000004,473137.36000000004,447511.36000000004,423330.03,399582.70499999996,378183.37,357747.87999999995,326429.87,295750.37,269679.04,242541.18000000002,215888.73,188110.83000000002,160853.76,136988.18,113260.23,92434.68,74130.45999999999,57534.92,44667.009999999995,33969.689999999995
1979,521284.68,527233.51,514570.51,504539.85000000003,508643.34,500130.17,480499.68,459266.515,432928.68,407604.68,382553.69,359978.02,338585.19,306719.35,275631.35000000003,249379.27,221766.59999999998,195091.31999999998,168046.08,141667.34,119042.27,96885.165,77855.78,61369.740000000005,46562.05,35405.98
1980,455875.20499999996,514127.19999999995,519116.71499999997,505655.88,494672.725,497451.06,487676.91000000003,466878.075,444751.92000000004,417145.25,390895.59,364839.255,341039.1,318683.27,286643.44,254745.56,228584.4,201155.73,174836.29,148741.70500000002,123782.64,102394.55,81883.64000000001,64565.92999999999,49977.04,37219.36
1981,346071.85,449758.85500000004,506328.85000000003,510277.52,495929.35000000003,483914.36000000004,485243.86000000004,474051.86000000004,452210.53,428713.03,400447.04,372875.37,345508.54,321289.69999999995,297802.36999999994,264771.52999999997,233798.02000000002,207615.2,180627.69000000003,154647.91,129800.01000000001,106426.29,86655.9,67988.505,52610.14,39921.95
1982,279369.67,341311.845,443064.195,497899.86000000004,500553.86000000004,485349.87000000005,472216.37,471916.70999999996,459207.72,435983.70999999996,411686.055,381891.06,353489.89999999997,325573.06,300180.06,276353.27,243165.615,212247.61,186532.29,160109.95,134986.67,111528.6,90012.065,72039.84,55340.61,41972.1
1983,267630.0,275546.0,336183.335,435791.34,488821.35000000003,490252.34,474183.34,459850.51,457779.515,443421.69,419076.52,393336.52,362879.86,333625.19000000006,305095.19000000006,279428.30000000005,254428.31999999998,221213.31999999998,191071.81999999998,165647.50999999998,140231.5,116748.06,94906.68,75284.62999999999,58999.77,44476.05
1984,340405.33999999997,263974.82999999996,271382.17000000004,330707.0,427882.5,478716.33,479058.0,461641.67,446364.5,442422.17,426500.5,400849.33,374062.17,342826.5,312849.17,283857.41,257387.26,232006.94,199531.29,170148.45,145542.79,121670.46,99607.52,79714.14,62006.79,47635.4
1985,474494.01,335979.68,260120.35000000003,267068.34,324839.33999999997,419383.68,468355.86000000004,467201.86000000004,448856.53,431923.03,426108.535,408872.54,382315.04,354364.54,322425.54,291297.79,262436.255,235537.595,210097.27000000002,178524.28000000003,150139.28,126700.29999999999,104227.29,83880.68,66002.81,50556.45
1986,534457.33,468333.66,331281.83,256020.5,262439.16,318419.83,410375.67,456946.5,454213.17,434822.5,416584.33,408798.0,390202.0,362440.0,333625.5,301155.11,269355.70999999996,240072.5,213192.84,187852.86,157510.37,130436.37,108283.56,87790.06,69368.95999999999,53623.08
1987,513957.33,528509.0,461610.83,325208.17,250652.83,256814.15999999997,310892.34,399478.16,444391.16,440069.67,419228.17,399539.83,389604.5,369582.5,341278.67,313255.79,278939.45,246780.54,217857.33,191282.0,166260.19,137303.86,112018.53,91423.89,72636.23,56447.45
1988,483840.67,508945.01,521132.34,453772.01,319043.18000000005,245478.845,251046.51,302797.51,389314.34,431455.68,425068.69,402845.69,381594.85000000003,370181.69,349154.02,321445.83,291559.46,256945.78,224963.69999999998,196399.83,170144.34,145967.19,118817.87000000001,95224.37,76461.55,59729.060000000005
1989,469463.17,478740.16,502610.34,513775.67,446510.5,313263.5,240501.33,245249.5,295172.84,378152.34,417828.34,409773.0,386054.16,363839.66000000003,350576.67,329972.45,299605.63,269005.07999999996,234717.4,203288.83,175104.12,149764.63,126528.98,101239.49,79947.33,62958.86
1990,474198.85000000003,464821.19,473399.02,496201.35500000004,505886.53,439200.7,306602.35000000003,235104.02,239231.84999999998,287140.525,366789.37,403210.88,393530.555,368838.73,344822.39,331625.725,307682.45,276848.96,246077.92,212380.9,181241.995,154154.62,129727.13,107940.81,84875.66,65667.48999999999
1991,471148.5,469434.67,459811.17,467327.67,488701.17,497354.5,430004.33,300553.0,229506.67,232699.5,278463.0,353908.83,387312.33,376098.83,350103.33,325455.46,309453.25,284527.65,253453.49,222845.95,189598.27,159691.2,133613.16,110704.35,90319.53,69574.9
1992,453921.33,466424.0,464260.67,453876.83,460465.33,480312.33,487630.0,421390.83,293489.67,223107.83,225535.5,268714.33,340332.0,370746.83,357471.33,330735.07,304668.96,286736.09,261131.31,229848.32,199697.11,167530.1,139022.7,114478.83,93044.85,74601.53
1993,451285.0,449639.83,461545.83,458727.33,447646.83,453188.17,471649.33,477580.83,411720.67,285895.33,216524.0,218062.83,258758.5,326266.33,353428.0,338862.02,310648.07,283487.13,264461.75,238021.15,207158.32,177766.95,146818.1,119770.7,97021.33,77709.01
1994,454290.0,447090.17,445020.5,456043.33,452393.83,440783.67,445043.67,461999.5,466115.33,400880.67,277419.17,209332.0,209928.33,247925.83,311103.5,334991.86,318460.68,289226.74,261451.63,241453.42,214708.81,184581.82,155802.95,126731.93,101397.37,80915.33
1995,453792.5,450102.17,442439.67,439781.5,449975.83,445531.5,433085.83,436384.83,451664.17,454303.67,389506.17,268436.5,201756.17,201373.67,236600.67,295113.47,315502.19,297222.02,267478.57,239281.3,218460.92,191329.81,162264.16,135092.45,107747.27,84760.54
1996,440022.67,449366.67,445277.17,437207.5,433825.17,443002.33,437846.67,424801.5,426742.0,440135.83,441172.33,376750.5,258803.33,193409.67,192142.33,224366.55,278008.64,294725.69,275320.85,245362.41,216845.8,195301.75,168641.81,140610.49,115124.28,90066.43
1997,415788.33,435392.83,444327.83,439806.33,431064.5,427091.5,435441.0,429368.33,415453.67,416227.5,427677.83,427292.0,363542.83,248393.67,184652.67,182148.67,211352.71,260081.47,273513.86,253086.68,222810.41,194289.63,172618.25,146532.98,120323.32,96480.11
1998,404681.0,411384.67,430483.5,438936.0,433773.33,424509.0,419848.17,427100.83,420167.5,405753.83,405016.5,414758.33,412638.67,349680.33,237622.5,175310.29,172125.67,198179.55,241780.31,251860.52,230938.02,200794.07,172882.96,150908.59,125894.65,101394.82
1999,445347.5,400526.17,406918.17,425308.33,433182.33,427537.17,417656.17,412116.17,418184.83,410400.83,395186.0,393064.0,401015.83,397012.83,334737.17,226006.16,165772.62,161450.5,184346.05,222954.31,230022.19,207950.18,178628.41,151430.29,129857.42,106468.48
2000,504609.34,441135.01,396364.68,402237.18,419796.18,427124.51,420909.85000000003,410361.52,403852.02,408987.35000000003,400380.02,384174.7,380566.36000000004,386521.70499999996,380636.20999999996,318887.23,214023.985,155526.96,150560.675,170139.38,203755.315,207852.02,185544.68,156698.9,130618.465,109939.57999999999
2001,525539.6799999999,500044.68,436600.18,391907.01,397245.68,413972.51,420487.015,413761.35000000003,402449.02,395231.69,399095.85000000003,389476.36000000004,372167.2,367333.36000000004,371393.54,362421.93,302632.16,201463.425,145231.08,139251.29,155692.98,184720.89500000002,186047.75999999998,163489.08,135876.805,111096.04000000001
2002,535064.83,520974.67,495134.17,431770.67,387075.5,391851.83,407778.5,413486.0,406114.0,394059.17,386046.0,388653.5,377852.5,359604.67,353236.67,354149.05,344342.84,285378.25,188470.21,134716.7,127702.06,141287.42,165419.47,164499.66,142387.48,116187.39
2003,554491.0549999999,530507.0549999999,515961.245,489795.265,426397.26,381983.42,385908.12,400968.345,405893.71,397644.57999999996,384735.965,376082.005,377161.08,365301.31999999995,345892.7,337398.75,336204.765,324482.37,267052.745,174480.375,123371.525,115873.76,126387.305,145802.92500000002,142731.31,121079.59999999999
2004,587694.515,549879.01,525539.69,510606.88,483980.075,420681.05000000005,376169.885,379463.75,393472.295,397571.16500000004,388430.695,374983.905,364949.6,364707.66,351432.225,330050.75499999995,320495.14999999997,317042.805,303363.39,247628.59,160059.695,111622.07500000001,103586.585,110973.16,126276.385,121458.295
2005,606968.0249999999,582904.21,544857.5449999999,520212.39499999996,504825.25,477713.935,414664.425,370542.59,372651.45499999996,386177.495,388844.05,378830.755,364279.125,353575.33,351599.42000000004,336135.82,314845.74,303428.31,297931.645,282318.44,228381.585,145637.71,100279.655,91911.655,96904.88,108499.155
2006,589398.44,601949.795,577600.63,539348.8,514366.47000000003,498453.155,471027.505,409030.99500000005,363981.82999999996,365922.51,377705.705,379400.90499999997,368467.425,352999.625,340968.48,336297.8,320644.85000000003,298210.99,285112.09500000003,277362.42,260320.415,207944.555,130871.87,88874.855,80021.47,82823.67
2007,516772.83999999997,584445.0399999999,596551.24,572034.925,533619.1,508200.27,491749.47,464457.67000000004,401956.145,356941.645,358101.52999999997,368564.57999999996,369409.47,357222.53,340779.91000000003,326109.675,321093.08999999997,304196.39499999996,280691.985,265942.695,256387.44,237450.65,187573.07,116333.58,77761.14,68760.255
2008,467880.82,512406.83999999997,579168.0449999999,590779.75,565929.93,527281.765,501618.45,484534.81,456830.34,394499.99,349593.495,349589.365,358826.76,358331.825,345039.54,326269.44999999995,311701.23,304777.29,286731.325,262228.83,246304.44,234477.13999999998,214376.25,166846.215,101662.265,66736.305
2009,467426.69499999995,463691.71499999997,507671.64999999997,573386.755,584490.9,559337.93,520550.28500000003,494516.52999999997,476682.13,448336.2,386484.33999999997,341349.87,340410.515,348115.06999999995,346161.96,330651.09500000003,311853.95499999996,296010.16000000003,287122.525,267967.295,242614.495,224874.30000000002,211437.76,189958.11500000002,145639.63,86978.52
2010,403225.45999999996,463221.54,459288.715,502573.115,567292.6900000001,577871.29,552512.65,513400.32999999996,486837.88999999996,468256.77,439669.88,377650.675,332575.50999999995,330356.78,336396.26999999996,331024.27,316366.085,296431.105,279204.54,268394.36,247863.5,221929.21,202881.62999999998,187784.13499999998,166243.39,125405.915
2011,351432.53,399609.10000000003,458854.815,454742.5,497169.55,560854.12,570760.035,545172.9099999999,505688.745,478567.47000000003,459123.2,429830.09500000003,368030.215,322890.565,319336.645,322252.215,317046.77,301127.34,279769.605,261223.285,248856.60499999998,227162.875,200537.43,180869.09,164530.875,143080.17500000002
2012,428002.835,348384.74,395973.165,454434.74500000005,449977.935,491747.17500000005,554054.265,563370.895,537165.73,497481.10500000004,469579.995,449296.23000000004,419419.675,357959.635,312703.135,307915.245,309167.185,302184.305,284857.155,262636.26999999996,242777.565,228665.965,206157.41499999998,179509.44499999998,159258.335,142119.7
2013,443255.95,424459.305,345222.425,392155.72000000003,449860.37,445116.725,485749.48,546826.33,555429.01,528760.39,488731.77999999997,460010.215,438809.505,408185.51,346817.94999999995,301454.08499999996,295375.945,294612.46,285842.64,267041.875,243890.115,223026.23500000002,207508.055,184229.435,157727.49000000002,137247.675
2014,485219.3,439550.41,420555.82,341851.615,387986.48,444766.49,439679.85000000003,479407.345,539046.695,546615.24,519639.995,479007.235,449492.165,427216.825,395876.19,334651.1,289316.085,281710.645,278577.48,268193.43,248131.98,224063.78,202360.645,185556.72,162034.855,136141.86
2015,511487.595,481310.86,435807.13,416602.52499999997,338312.88,383715.5,439523.20999999996,433951.92000000004,472678.78500000003,530833.3450000001,537489.1349999999,509682.29000000004,468511.305,438275.32,414997.67,382759.605,321704.8,276489.25,267342.87,262461.56,250394.64,229114.38,204226.77,181911.61,164393.135,141105.09
2016,515123.495,507221.69,476922.32,431413.88,412137.61,334361.52999999997,378831.215,433518.645,427528.545,465110.935,521501.09,526914.975,498323.26499999996,456752.38499999995,425534.56,401035.38,367797.775,307081.12000000005,262001.025,251264.7,244306.49500000002,230568.99,208230.97,182954.16999999998,160533.295,142119.46500000003
2017,519569.36500000005,510852.305,502536.91,472188.54000000004,426740.51,407209.38,329885.035,373548.3,427038.885,420602.065,456839.79,511467.56,515545.995,486264.87,444030.40499999997,411700.975,385882.045,351728.115,291599.72,246773.85499999998,234609.465,225439.935,210318.675,187419.735,162072.0,140014.16
2018,521725.22,515295.73,506197.08,497613.54,467050.36,421642.13,401744.82,325151.69,367636.5,419911.83,413042.17,447959.5,500221.17,503222.5,472915.83,429825.17,396453.67,369345.0,334216.17,274975.5,230307.83,216425.83,205787.11,189354.59,165943.11,141178.45
2019,525587.28,517084.9,510390.17,501035.67,492142.67,461270.09,416036.57,395998.78,319871.25,361255.33,412052.0,404590.5,438009.0,487963.17,489249.5,458009.83,414345.33,379745.17,351243.83,315291.5,256867.5,212878.83,197236.33,184986.61,167407.09,144124.28
2020,534125.05,520915.36,512194.88,505371.96,495733.32,486341.67,455217.02,410185.01,389807.87,314294.44,354314.0,403719.67,395826.83,427561.17,474898.0,474329.17,442112.5,397809.5,362158.67,332278.33,295689.33,238397.83,194799.33,178173.0,164498.45,146407.92
