Year,Age,Female,Male,Total
1956,65,385725.83,268470.5,654196.3300000001
1956,66,370495.84,258529.49,629025.3300000001
1956,67,355732.49,250836.15999999997,606568.67
1956,68,337552.16,241673.99,579226.17
1956,69,318249.83,228942.66999999998,547192.5
1956,70,298534.67,216135.65999999997,514670.33
1956,71,279562.49,204948.15999999997,484510.66000000003
1956,72,256880.0,189401.49,446281.5
1956,73,238239.5,176373.99,414613.49
1956,74,220043.33000000002,164391.66,384435.0
1956,75,202265.34000000003,150947.16999999998,353212.49
1956,76,186736.66,139791.32,326527.99
1956,77,170412.0,128050.5,298462.49
1956,78,152286.5,115060.16,267346.65
1956,79,133747.5,101286.83,235034.32
1956,80,117568.70999999999,89231.85,206800.55
1956,81,98655.76,74837.9,173493.66
1956,82,81089.86,60874.979999999996,141964.84
1956,83,65756.44,48501.74,114258.18
1956,84,49341.15,35988.93,85330.09
1956,85,38139.18,27166.65,65305.83
1956,86,31800.32,21891.89,53692.21
1956,87,23922.960000000003,15816.869999999999,39739.83
1956,88,17274.4,11036.65,28311.05
1956,89,13009.039999999999,7918.03,20927.07
1956,90,9205.32,5424.59,14629.900000000001
1957,65,393356.66000000003,268490.33999999997,661847.0
1957,66,377643.5,259494.5,637138.0
1957,67,361887.0,248909.83000000002,610796.8300000001
1957,68,346547.67,240768.33,587316.0
1957,69,327527.5,231074.66999999998,558602.17
1957,70,307587.01,218059.5,525646.5
1957,71,287284.32999999996,204682.33000000002,491966.66000000003
1957,72,267626.32999999996,192978.84000000003,460605.17000000004
1957,73,244485.33000000002,177325.16999999998,421810.5
1957,74,225255.5,164005.83000000002,389261.33
1957,75,206569.67,151832.5,358402.16
1957,76,188383.5,138315.16,326698.66
1957,77,172439.84,126814.67,299254.5
1957,78,155910.66,115168.5,271079.16000000003
1957,79,137878.66999999998,102371.5,240250.15999999997
1957,80,122549.25,91450.6,213999.84000000003
1957,81,104140.04,77606.17,181746.21
1957,82,86097.11,64181.11,150278.21
1957,83,69731.22,51319.59,121050.82
1957,84,55651.81,40303.76,95955.56999999999
1957,85,41089.06,29366.04,70455.09999999999
1957,86,31157.43,21671.49,52828.92
1957,87,25528.07,17048.11,42576.18
1957,88,18792.73,12055.99,30848.72
1957,89,13336.689999999999,8193.32,21530.0
1957,90,9848.17,5742.9,15591.07
1958,65,404737.17,271153.33,675890.5
1958,66,386584.83999999997,261236.33000000002,647821.16
1958,67,370332.5,251560.65999999997,621893.17
1958,68,354014.67,240633.33000000002,594648.0
1958,69,337676.5,231872.16999999998,569548.67
1958,70,317909.16,221425.16999999998,539334.3300000001
1958,71,297210.0,207942.83,505152.83999999997
1958,72,276297.5,194230.65999999997,470528.16000000003
1958,73,255758.17,182084.49,437842.66000000003
1958,74,232180.5,166038.33000000002,398218.82999999996
1958,75,212344.83000000002,152615.66,364960.49
1958,76,193159.15999999997,140130.66,333289.83
1958,77,174840.16999999998,126547.34,301387.5
1958,78,158538.84,114965.5,273504.32
1958,79,142010.5,103258.5,245268.99
1958,80,126103.38,91975.35,218078.74
1958,81,108821.46,79639.07,188460.53000000003
1958,82,91263.76,66659.85,157923.61
1958,83,74427.5,54271.67,128699.16
1958,84,59221.96000000001,42663.71,101885.65999999999
1958,85,46314.740000000005,32880.1,79194.84
1958,86,33600.33,23538.11,57138.45
1958,87,25065.88,16984.11,42049.979999999996
1958,88,20089.199999999997,13068.09,33157.3
1958,89,14529.529999999999,8978.17,23507.71
1958,90,10116.99,5976.39,16093.380000000001
1959,65,418693.83,276109.16,694803.0
1959,66,397127.66000000003,262487.67,659615.3300000001
1959,67,378435.83,252077.65999999997,630513.5
1959,68,361492.66,242005.83,603498.5
1959,69,344459.16,230831.0,575290.1699999999
1959,70,327415.83,221316.16999999998,548732.0
1959,71,306878.33,210409.83000000002,517288.17000000004
1959,72,285530.16,196619.17,482149.32999999996
1959,73,263932.34,182643.0,446575.33
1959,74,242816.0,169987.16999999998,412803.16000000003
1959,75,218894.66999999998,153951.66999999998,372846.33
1959,76,198793.67,140440.5,339234.17000000004
1959,77,179272.0,127720.0,306992.0
1959,78,160819.83000000002,114367.84,275187.67000000004
1959,79,144588.0,102893.0,247481.0
1959,80,129195.73999999999,92065.67,221261.40999999997
1959,81,112296.77,80321.91,192618.68
1959,82,95591.69,68619.31,164210.99
1959,83,79176.16,56563.61,135739.76
1959,84,63610.24,45349.96,108960.19
1959,85,49640.22,34990.7,84630.91
1959,86,38196.17,26573.79,64769.95
1959,87,27227.94,18669.83,45897.78
1959,88,19906.33,13129.02,33035.35
1959,89,15639.33,9881.52,25520.850000000002
1959,90,11121.34,6621.29,17742.62
1960,65,428234.0,281999.84,710233.8300000001
1960,66,410605.5,266600.0,677205.5
1960,67,388444.67,252738.0,641182.67
1960,68,368919.5,241925.5,610845.0
1960,69,351430.17000000004,231453.65999999997,582883.83
1960,70,333683.17000000004,219832.0,553515.17
1960,71,315765.17000000004,209745.83,525511.0
1960,72,294522.34,198304.33,492826.67000000004
1960,73,272502.67,184285.84000000003,456788.5
1960,74,250387.67,170057.83000000002,420445.5
1960,75,228630.34000000003,157125.16,385755.5
1960,76,204534.5,141066.83000000002,345601.34
1960,77,184100.84000000003,127559.0,311659.83
1960,78,164348.66,114964.0,279312.67000000004
1960,79,146022.83000000002,101919.66,247942.49
1960,80,130597.01,91277.26,221874.27
1960,81,114666.48999999999,80023.16,194689.64
1960,82,98252.34,68840.58,167092.93
1960,83,82421.44,57852.82,140274.25
1960,84,67232.26000000001,46983.8,114216.05
1960,85,53072.02,36939.17,90011.18000000001
1960,86,40752.49,28049.76,68802.26000000001
1960,87,30672.29,20860.199999999997,51532.490000000005
1960,88,21350.9,14265.599999999999,35616.51
1960,89,15341.48,9856.65,25198.11
1960,90,11769.48,7172.9800000000005,18942.45
1961,65,445142.5,296257.83,741400.33
1961,66,420442.83,272546.83,692989.67
1961,67,402822.0,257346.33000000002,660168.3300000001
1961,68,379843.17,243040.0,622883.17
1961,69,359394.83,231729.0,591123.84
1961,70,342711.67,221050.51,563762.1699999999
1961,71,321835.5,208653.34000000003,530488.8300000001
1961,72,303630.67,198178.66999999998,501809.32999999996
1961,73,281846.66,186451.84000000003,468298.5
1961,74,259554.33,172081.5,431635.83
1961,75,236844.33000000002,158078.66,394923.0
1961,76,214285.34000000003,144484.66999999998,358770.0
1961,77,190234.0,128713.17,318947.16
1961,78,169726.83000000002,115570.17,285297.0
1961,79,150039.0,102978.83,253017.84000000003
1961,80,132760.97,91175.23000000001,223936.19
1961,81,116289.16,79703.06999999999,195992.22999999998
1961,82,100818.97,68801.82,169620.78
1961,83,85104.34,58388.409999999996,143492.75
1961,84,70289.12,48379.16,118668.28
1961,85,56391.45,38505.66,94897.11
1961,86,43749.07,29801.88,73550.95
1961,87,32908.56,22180.0,55088.560000000005
1961,88,24208.87,16096.95,40305.83
1961,89,16622.01,10806.21,27428.22
1961,90,11630.26,7244.76,18875.02
1962,65,454638.0,308447.0,763085.0
1962,66,436990.16000000003,286198.33999999997,723188.5
1962,67,412574.66000000003,262912.32999999996,675487.0
1962,68,394072.33,247305.15999999997,641377.5
1962,69,370189.5,232602.34000000003,602791.8400000001
1962,70,350712.17,221192.0,571904.17
1962,71,330613.0,209645.34,540258.3400000001
1962,72,309613.66,197200.0,506813.66000000003
1962,73,290825.66,186328.5,477154.16000000003
1962,74,268563.16,173993.16999999998,442556.33
1962,75,245682.83,159836.84,405519.67
1962,76,222273.0,145317.5,367590.5
1962,77,199497.33000000002,131921.33000000002,331418.66
1962,78,175580.66999999998,116539.67,292120.34
1962,79,155360.66999999998,103429.5,258790.16999999998
1962,80,137151.01,92273.29000000001,229424.29
1962,81,118289.31999999999,79596.73999999999,197886.06
1962,82,102204.19,68486.26,170690.45
1962,83,87319.84,58291.53,145611.37
1962,84,72662.07,48658.310000000005,121320.37999999999
1962,85,59006.200000000004,39622.42,98628.63
1962,86,46495.24,31026.28,77521.51
1962,87,35363.21,23461.370000000003,58824.58
1962,88,26026.739999999998,17037.36,43064.1
1962,89,18784.93,12109.36,30894.27
1962,90,12584.919999999998,7946.63,20531.55
1963,65,462853.17,322182.49,785035.66
1963,66,446024.5,297503.82999999996,743528.33
1963,67,427877.83999999997,275215.5,703093.33
1963,68,402901.83,252045.33,654947.1599999999
1963,69,383596.99,236099.66999999998,619696.6599999999
1963,70,359194.83999999997,221228.0,580422.83
1963,71,338725.99,209364.83000000002,548090.83
1963,72,317888.83,197639.83000000002,515528.66
1963,73,296395.33,184868.99,481264.32
1963,74,276734.83,173485.49,450220.32999999996
1963,75,253739.16999999998,160848.16,414587.32
1963,76,230454.33,146697.99,377152.32
1963,77,206721.83000000002,132229.83000000002,338951.65
1963,78,183831.15999999997,118886.32,302717.48
1963,79,160108.5,103864.0,263972.49
1963,80,141218.96000000002,92040.47,233259.41999999998
1963,81,122170.77,80306.94,202477.71000000002
1963,82,103966.59,68282.76000000001,172249.35
1963,83,88494.47,57825.649999999994,146320.12
1963,84,74445.64,48388.28,122833.92
1963,85,60846.21,39652.1,100498.31
1963,86,48520.88,31655.58,80176.46
1963,87,37546.93,24274.33,61821.25
1963,88,27866.260000000002,17887.300000000003,45753.56
1963,89,20118.48,12700.35,32818.83
1963,90,14193.35,8845.72,23039.06
1964,65,472392.83999999997,341448.5,813841.33
1964,66,453597.0,310581.82999999996,764178.83
1964,67,436873.5,286091.84,722965.3400000001
1964,68,417465.83,263410.67000000004,680876.5
1964,69,391917.33,240269.84,632187.1699999999
1964,70,372487.67,224433.0,596920.66
1964,71,347387.32999999996,209297.34000000003,556684.67
1964,72,325619.17000000004,197036.34000000003,522655.5
1964,73,304780.17,185126.34000000003,489906.5
1964,74,282047.5,171718.66999999998,453766.17
1964,75,260512.83000000002,159964.83000000002,420477.66000000003
1964,76,238514.0,147774.34,386288.33
1964,77,214492.0,133145.66999999998,347637.66000000003
1964,78,190859.5,118971.67,309831.17000000004
1964,79,168147.5,106031.83,274179.33
1964,80,146496.26,92838.32,239334.56
1964,81,126455.7,80570.86,207026.57
1964,82,108121.53,69428.53,177550.06
1964,83,90824.7,58250.54,149075.24
1964,84,76212.26999999999,48591.96,124804.23
1964,85,63023.62,39995.630000000005,103019.24
1964,86,50667.05,32065.309999999998,82732.35
1964,87,39639.06,25201.84,64840.899999999994
1964,88,30043.14,18900.29,48943.43
1964,89,21879.99,13619.300000000001,35499.29
1964,90,15493.07,9520.06,25013.129999999997
1965,65,476885.33,359979.33,836864.6599999999
1965,66,463017.83,329029.17,792047.01
1965,67,444268.66000000003,298469.51,742738.17
1965,68,426088.0,273511.33,699599.3400000001
1965,69,406043.16000000003,250916.67,656959.83
1965,70,380601.0,228204.0,608805.0
1965,71,360203.17,212149.33000000002,572352.5
1965,72,333971.0,196825.34000000003,530796.3300000001
1965,73,312005.67,184263.66999999998,496269.33
1965,74,289890.5,171755.51,461646.0
1965,75,265601.99,158188.84,423790.83
1965,76,245078.83,146775.0,391853.83
1965,77,222177.5,134005.0,356182.5
1965,78,198050.16999999998,119768.84,317819.0
1965,79,174818.16999999998,105992.5,280810.66000000003
1965,80,153251.52,94357.51000000001,247609.03
1965,81,131318.39,81220.59,212538.97
1965,82,111953.34,69577.15,181530.49
1965,83,94528.69,59201.68,153730.37
1965,84,78391.71,48902.39,127294.09
1965,85,64585.45,40092.51,104677.95999999999
1965,86,52669.66,32464.53,85134.19
1965,87,41537.1,25533.420000000002,67070.52
1965,88,31887.949999999997,19687.99,51575.95
1965,89,23647.710000000003,14457.8,38105.520000000004
1965,90,16822.43,10212.18,27034.61
1966,65,490217.33,375614.5,865831.83
1966,66,468199.67,347138.17,815337.83
1966,67,453510.33,316034.5,769544.8400000001
1966,68,434001.66000000003,285710.51,719712.17
1966,69,415030.5,260768.33,675798.84
1966,70,394233.0,238308.5,632541.5
1966,71,368055.66000000003,215764.5,583820.1699999999
1966,72,346846.66,199653.0,546499.66
1966,73,319911.32999999996,184183.0,504094.33
1966,74,297390.5,171507.66999999998,468898.17
1966,75,274525.66,158814.0,433339.67
1966,76,249915.83,145259.84,395175.67
1966,77,228849.65999999997,133701.34,362551.0
1966,78,205417.84000000003,121012.16,326430.0
1966,79,181572.15999999997,106982.0,288554.16
1966,80,158740.14,93975.11,252715.25
1966,81,137291.94,82435.67,219727.61
1966,82,116224.48,70007.42,186231.89
1966,83,97628.6,59089.850000000006,156718.44
1966,84,81403.94,49592.23,130996.17000000001
1966,85,66351.47,40207.13,106558.6
1966,86,53806.56,32494.949999999997,86301.51
1966,87,43056.44,25754.68,68811.12
1966,88,33310.88,19877.92,53188.8
1966,89,25009.09,14976.519999999999,39985.61
1966,90,18158.69,10768.53,28927.21
1967,65,504837.33999999997,386181.5,891018.8400000001
1967,66,481361.83,362156.66000000003,843518.5
1967,67,458638.33,333371.84,792010.17
1967,68,443213.17,302317.0,745530.17
1967,69,422988.33,272258.17000000004,695246.5
1967,70,403156.5,247578.16999999998,650734.66
1967,71,381481.0,225292.15999999997,606773.16
1967,72,354672.5,202870.83,557543.3300000001
1967,73,332560.33,186770.0,519330.33
1967,74,305064.66,171342.33000000002,476407.0
1967,75,281903.32999999996,158556.83000000002,440460.16000000003
1967,76,258447.5,145846.16999999998,404293.66000000003
1967,77,233474.0,132357.0,365831.01
1967,78,212093.83000000002,120832.33,332926.16
1967,79,188462.17,108260.34,296722.5
1967,80,165209.52,94640.57,259850.08000000002
1967,81,142375.91,82233.76,224609.66
1967,82,121776.20000000001,71165.32,192941.53
1967,83,101628.08,59458.75,161086.83000000002
1967,84,84260.38,49582.19,133842.57
1967,85,69139.89,40915.93,110055.82
1967,86,55445.25,32650.350000000002,88095.6
1967,87,44024.86,25953.86,69978.7
1967,88,34604.06,20124.92,54728.98
1967,89,26271.010000000002,15201.18,41472.200000000004
1967,90,19355.89,11210.8,30566.68
1968,65,503538.33999999997,384529.16000000003,888067.5
1968,66,495507.17,372185.33,867692.5
1968,67,471523.17,347591.67,819114.83
1968,68,448152.16000000003,318578.82999999996,766731.0
1968,69,431609.33,287648.33,719257.6599999999
1968,70,410653.0,257995.15999999997,668648.17
1968,71,389738.83,233576.0,623314.84
1968,72,367321.33,211432.16999999998,578753.5
1968,73,339675.33,189227.83,528903.16
1968,74,316598.32999999996,173102.34,489700.67
1968,75,288792.17,157917.5,446709.67
1968,76,264974.0,145086.83000000002,410060.83
1968,77,241012.65999999997,132321.5,373334.16000000003
1968,78,215977.5,119008.66,334986.17
1968,79,194252.33,107675.0,301927.32999999996
1968,80,171260.52,95284.95999999999,266545.48
1968,81,147792.31,82357.23999999999,230149.55000000002
1968,82,125726.87000000001,70557.61,196284.47
1968,83,105935.0,60090.020000000004,166025.01
1968,84,87080.22,49550.95,136631.17
1968,85,71101.86,40546.240000000005,111648.1
1968,86,57389.200000000004,32753.489999999998,90142.69
1968,87,45093.57,25844.42,70937.99
1968,88,35125.5,20051.44,55176.94
1968,89,26987.04,15186.68,42173.729999999996
1968,90,20038.5,11236.29,31274.789999999997
1969,65,505446.17,385472.17,890918.3400000001
1969,66,493900.83,370139.5,864040.33
1969,67,484960.33,356806.33999999997,841766.67
1969,68,460547.17,331802.34,792349.5
1969,69,436159.83,302567.33999999997,738727.17
1969,70,418727.67,271943.34,690671.0
1969,71,396762.83,242698.33000000002,639461.17
1969,72,374823.5,218522.0,593345.5
1969,73,351512.5,196682.16999999998,548194.6699999999
1969,74,323174.33,174838.0,498012.33
1969,75,299322.34,158942.84,458265.16000000003
1969,76,271033.32999999996,143972.16999999998,415005.51
1969,77,246972.34000000003,131313.16,378285.5
1969,78,222585.33000000002,118607.5,341192.83
1969,79,197574.34000000003,105679.5,303253.84
1969,80,174228.58000000002,93415.98000000001,267644.56
1969,81,153088.5,82727.66,235816.16
1969,82,130360.95999999999,70464.13,200825.08000000002
1969,83,109307.01000000001,59404.16,168711.18
1969,84,90562.15,49914.74,140476.89
1969,85,73290.37,40475.86,113766.23
1969,86,58736.850000000006,32347.82,91084.67
1969,87,46485.36,25749.58,72234.94
1969,88,35850.88,19927.2,55778.100000000006
1969,89,27280.32,15065.4,42345.71
1969,90,20470.04,11159.650000000001,31629.69
1970,65,512639.5,390887.16,903526.6599999999
1970,66,495205.0,371436.16000000003,866641.17
1970,67,483730.17,356557.83,840287.99
1970,68,472748.5,340567.33,813315.83
1970,69,447271.5,315401.32999999996,762672.83
1970,70,421244.33999999997,285303.0,706547.33
1970,71,403647.83,255011.49,658659.33
1970,72,379718.0,226704.5,606422.5
1970,73,358008.83,203091.16999999998,561100.0
1970,74,332572.5,181021.0,513593.5
1970,75,304702.66,159836.5,464539.16
1970,76,280544.16000000003,144426.83000000002,424971.0
1970,77,252613.5,130434.33,383047.83
1970,78,227978.0,117533.33,345511.33
1970,79,203046.17,105277.0,308323.17000000004
1970,80,177187.18,91831.85,269019.03
1970,81,156021.69,81206.33,237228.02000000002
1970,82,135256.28,71059.53,206315.81
1970,83,113572.57,59504.659999999996,173077.24
1970,84,93725.79999999999,49460.71000000001,143186.52000000002
1970,85,76473.11,40922.31,117395.40999999999
1970,86,60789.34,32617.6,93406.93999999999
1970,87,47799.32000000001,25582.41,73381.72
1970,88,37078.5,19945.0,57023.509999999995
1970,89,28028.2,15059.14,43087.34
1970,90,20890.3,11143.68,32033.98
1971,65,521462.17,381392.67,902854.83
1971,66,503095.0,377615.17,880710.17
1971,67,485818.33,358857.67,844676.0
1971,68,472166.66000000003,341449.84,813616.5
1971,69,459761.0,324828.67,784589.6699999999
1971,70,432729.33999999997,298457.32999999996,731186.67
1971,71,406869.83999999997,268359.17,675229.0
1971,72,387285.67,239143.66999999998,626429.33
1971,73,363483.0,211411.33000000002,574894.33
1971,74,339599.0,187616.0,527215.0
1971,75,314532.67000000004,166227.66999999998,480760.34
1971,76,286553.33,145799.51,432352.84
1971,77,262202.17000000004,131216.16,393418.33
1971,78,233732.16999999998,117051.83,350784.0
1971,79,208715.33,104685.5,313400.84
1971,80,184703.03999999998,92596.54,277299.58
1971,81,158977.42,79993.12,238970.54
1971,82,138201.1,69858.79000000001,208059.88
1971,83,118099.20000000001,60256.490000000005,178355.69
1971,84,97657.66,49737.649999999994,147395.31
1971,85,79307.73,40641.21,119948.95
1971,86,63757.7,33097.66,96855.36
1971,87,49595.29,25957.300000000003,75552.58
1971,88,38205.26,19915.46,58120.72
1971,89,29048.46,15144.41,44192.87
1971,90,21479.5,11204.41,32683.9
1972,65,533178.84,374193.33,907372.17
1972,66,512393.83,367967.67,880361.5
1972,67,493319.5,362982.33,856301.83
1972,68,475147.67,343635.33,818783.0
1972,69,460360.33999999997,325204.66,785565.0
1972,70,446850.5,307880.82999999996,754731.3400000001
1972,71,419148.17,281292.17000000004,700440.3400000001
1972,72,392374.0,251609.0,643983.0
1972,73,371725.82999999996,222832.67,594558.5
1972,74,347042.84,195671.65999999997,542714.5
1972,75,322007.67,172439.5,494447.17
1972,76,296321.83,151715.0,448036.83
1972,77,267954.67,132135.0,400089.66000000003
1972,78,243130.17,117858.83,360989.0
1972,79,214902.15999999997,104221.0,319123.17000000004
1972,80,190620.2,91850.69,282470.89
1972,81,166038.08000000002,80701.84,246739.91999999998
1972,82,141021.48,68707.44,209728.91999999998
1972,83,120839.84,59201.79,180041.61000000002
1972,84,101793.94,50333.83,152127.77000000002
1972,85,82834.07,40809.01,123643.08
1972,86,66240.82,32825.43,99066.24
1972,87,52213.31,26336.050000000003,78549.36
1972,88,39841.39,20269.870000000003,60111.259999999995
1972,89,30092.04,15205.550000000001,45297.59
1972,90,22317.08,11272.35,33589.43
1973,65,539869.8300000001,370527.83,910397.6599999999
1973,66,524038.0,361334.33,885372.3400000001
1973,67,502642.83,353953.17,856596.0
1973,68,482795.16000000003,347665.5,830460.67
1973,69,463589.5,327554.17000000004,791143.6599999999
1973,70,447716.67,308430.83,756147.5
1973,71,432987.33,290416.67,723404.0
1973,72,404511.17,263850.32999999996,668361.5
1973,73,376961.0,234629.0,611590.0
1973,74,355214.5,206236.67,561451.17
1973,75,329586.84,179909.5,509496.33999999997
1973,76,303866.67,157330.83000000002,461197.5
1973,77,277478.32999999996,137316.16999999998,414794.51
1973,78,248990.66999999998,118638.17,367628.83
1973,79,223828.0,104838.34,328666.34
1973,80,196764.18,91621.52,288385.69
1973,81,171733.41,80014.85,251748.26
1973,82,147595.97,69371.68,216967.65000000002
1973,83,123663.70999999999,58298.62,181962.33000000002
1973,84,104403.9,49486.97,153890.87
1973,85,86622.51,41353.03,127975.54000000001
1973,86,69320.32,33080.06,102400.38
1973,87,54410.91,26072.33,80483.23999999999
1973,88,42115.09,20519.29,62634.37
1973,89,31531.5,15473.14,47004.64
1973,90,23232.0,11330.49,34562.48
1974,65,546209.17,365521.01,911730.17
1974,66,530847.17,357950.83,888798.0
1974,67,514232.83,347842.0,862074.83
1974,68,492032.67,339155.32999999996,831188.0
1974,69,471230.66000000003,331685.82999999996,802916.5
1974,70,451074.33999999997,310958.83,762033.17
1974,71,434093.66000000003,291292.66,725386.3400000001
1974,72,418146.67,272690.67000000004,690837.3400000001
1974,73,388958.0,246363.5,635321.5
1974,74,360493.5,217422.16999999998,577915.66
1974,75,337723.16,189801.67,527524.83
1974,76,311298.67,164442.34,475741.0
1974,77,284974.17,142541.5,427515.66000000003
1974,78,258294.0,123333.67,381627.67000000004
1974,79,229757.0,105740.17,335497.17
1974,80,205269.65999999997,92331.74,297601.4
1974,81,177718.86,79819.92,257538.78
1974,82,153107.41999999998,68826.77,221934.21000000002
1974,83,129947.16,58969.45,188916.61
1974,84,107209.08,48841.92,156051.0
1974,85,89020.28,40662.62,129682.90000000001
1974,86,72629.73000000001,33589.54,106219.27
1974,87,57140.89,26406.92,83547.81
1974,88,43972.82,20323.71,64296.53
1974,89,33400.01,15721.52,49121.53
1974,90,24446.769999999997,11578.050000000001,36024.82
1975,65,541641.5,355749.66,897391.1599999999
1975,66,536944.0,352936.17,889880.16
1975,67,520775.0,344291.0,865066.0
1975,68,503338.0,333196.5,836534.5
1975,69,480187.83,323448.99,803636.83
1975,70,458429.17,314673.82999999996,773103.0
1975,71,437294.83,293657.17,730952.0
1975,72,419079.17,273365.66,692444.83
1975,73,401833.99,254162.33,655996.33
1975,74,371841.0,228108.17,599949.17
1975,75,342726.17,199712.83,542439.0
1975,76,318719.33,173088.16,491807.5
1975,77,291698.32999999996,148779.5,440477.83999999997
1975,78,264784.0,127669.17,392453.17
1975,79,237854.5,109467.5,347322.0
1975,80,210113.55,92809.06,302922.6
1975,81,184988.61,80185.59,265174.2
1975,82,158225.97999999998,68512.97,226738.95
1975,83,134451.06,58267.85,192718.90000000002
1975,84,112344.97,49171.37,161516.34
1975,85,91291.40999999999,40034.869999999995,131326.28
1975,86,74529.29,32841.090000000004,107370.37
1975,87,59761.920000000006,26644.2,86406.12
1975,88,45983.94,20505.1,66489.04
1975,89,34729.72,15524.58,50254.310000000005
1975,90,25767.590000000004,11745.09,37512.68
1976,65,525763.0,341052.33,866815.3400000001
1976,66,532736.6699999999,343775.5,876512.1599999999
1976,67,526950.66,339682.0,866632.6599999999
1976,68,509977.5,329993.16,839970.6599999999
1976,69,491527.83999999997,318025.0,809552.83
1976,70,467519.33,307112.84,774632.17
1976,71,444742.83999999997,297376.5,742119.3400000001
1976,72,422455.17,275836.5,698291.67
1976,73,403022.66,255012.15999999997,658034.83
1976,74,384353.17,235395.0,619748.17
1976,75,353749.0,209708.67,563457.6699999999
1976,76,323952.84,182288.34000000003,506241.16000000003
1976,77,298997.16,156722.83000000002,455720.0
1976,78,271487.5,133444.83000000002,404932.33999999997
1976,79,244217.33,113398.84,357616.17
1976,80,218044.94,96350.73,314395.67
1976,81,189714.7,80625.43,270340.13
1976,82,164989.27000000002,68858.82,233848.09000000003
1976,83,139265.65000000002,58145.89,197411.53999999998
1976,84,116583.06,48663.11,165246.18
1976,85,95783.66,40421.17,136204.83000000002
1976,86,76476.1,32340.690000000002,108816.79
1976,87,61341.0,25937.6,87278.6
1976,88,48121.83,20666.89,68788.72
1976,89,36296.020000000004,15631.650000000001,51927.67
1976,90,26840.660000000003,11589.83,38430.479999999996
1977,65,526175.17,341452.17,867627.3400000001
1977,66,517515.67,330125.67000000004,847641.33
1977,67,523427.5,331592.5,855020.0
1977,68,516788.67,326341.5,843130.1599999999
1977,69,498697.66000000003,315600.16,814297.8400000001
1977,70,479338.33,302561.84,781900.17
1977,71,454223.83,290738.84,744962.67
1977,72,430386.67,279955.5,710342.17
1977,73,407183.17,258122.67,665305.84
1977,74,386515.0,237005.33000000002,623520.34
1977,75,366533.33,217132.33,583665.6699999999
1977,76,335537.67,192213.16999999998,527750.8400000001
1977,77,305029.0,165804.5,470833.5
1977,78,279421.67,141216.83000000002,420638.5
1977,79,251724.67,119115.33,370840.0
1977,80,225722.5,100520.62,326243.12
1977,81,198106.1,84226.55,282332.64
1977,82,170268.36,69565.93,239834.29
1977,83,146178.44,58746.34,204924.77999999997
1977,84,121732.66,48939.26,170671.91999999998
1977,85,100215.08,40372.83,140587.91
1977,86,80998.36,33019.229999999996,114017.59
1977,87,63587.82,25862.6,89450.4
1977,88,49960.06,20307.68,70267.75
1977,89,38377.07,15894.82,54271.89
1977,90,28320.95,11798.93,40119.87
1978,65,530772.0,339840.17,870612.17
1978,66,518322.0,330747.5,849069.5
1978,67,508874.67,318779.5,827654.1599999999
1978,68,513717.33,318944.16000000003,832661.5
1978,69,505852.83999999997,312454.16,818307.0
1978,70,486717.83,300537.67000000004,787255.5
1978,71,466080.33,286656.16,752736.5
1978,72,440054.33,273977.33,714031.67
1978,73,415372.5,262170.0,677542.5
1978,74,391060.67,240237.33,631298.0
1978,75,369033.83,218861.49,587895.34
1978,76,348038.83999999997,199119.33,547158.17
1978,77,316557.83,174996.84000000003,491554.67
1978,78,285614.83,149568.33000000002,435183.17
1978,79,259380.0,126169.83,385549.83999999997
1978,80,232203.64,105429.09,337632.74
1978,81,205422.69,87847.31,293270.0
1978,82,178146.79,72747.58,250894.37
1978,83,151238.72,59368.32,210607.03999999998
1978,84,128000.14,49459.57,177459.71
1978,85,105060.2,40601.99,145662.19
1978,86,85164.15,32990.25,118154.38
1978,87,67700.43,26477.989999999998,94178.41
1978,88,52082.899999999994,20399.86,72482.77
1978,89,40039.99,15764.300000000001,55804.29
1978,90,30142.17,11997.77,42139.93
1979,65,517486.67,323013.82999999996,840500.5
1979,66,523013.0,329412.66000000003,852425.67
1979,67,509937.5,319562.82999999996,829500.33
1979,68,499430.33999999997,306806.0,806236.3400000001
1979,69,502889.83,305568.5,808458.33
1979,70,493832.16000000003,297815.17000000004,791647.33
1979,71,473578.67,284946.33,758525.0
1979,72,451790.0,270364.5,722154.5
1979,73,424970.66000000003,256910.33000000002,681881.0
1979,74,399041.16000000003,244318.5,643359.67
1979,75,373606.17,222251.5,595857.67
1979,76,350516.0,200719.33,551235.3300000001
1979,77,328481.17,181172.33,509653.5
1979,78,296704.32999999996,157927.16999999998,454631.5
1979,79,265366.83,133619.83000000002,398986.67
1979,80,238933.75,111628.23,350561.99
1979,81,211494.08000000002,92115.58,303609.66000000003
1979,82,184896.8,75879.32,260776.11
1979,83,158435.06,62036.27,220471.33000000002
1979,84,132677.32,49998.19,182675.52000000002
1979,85,110725.25,40997.28,151722.53
1979,86,89429.65,33178.89,122608.54
1979,87,71239.77,26507.49,97747.25
1979,88,55632.23,20892.08,76524.3
1979,89,41908.04,15878.640000000001,57786.67
1979,90,31604.97,11939.24,43544.21
1980,65,452561.67,277986.82999999996,730548.5
1980,66,510119.66000000003,313383.17000000004,823502.83
1980,67,514593.67,318418.67000000004,833012.33
1980,68,500653.83,307784.82999999996,808438.6599999999
1980,69,489212.67,294252.67,783465.33
1980,70,491196.0,291712.83,782908.83
1980,71,480818.33999999997,282715.67,763534.0
1980,72,459426.0,268964.5,728390.5
1980,73,436648.83999999997,253820.0,690468.83
1980,74,408709.17,239525.0,648234.16
1980,75,381814.0,226293.33,608107.34
1980,76,355238.66000000003,204158.66999999998,559397.3300000001
1980,77,331002.0,182952.33000000002,513954.33
1980,78,308199.67000000004,163660.0,471859.67
1980,79,276168.84,141160.33000000002,417329.17
1980,80,244221.46000000002,117839.87999999999,362061.33999999997
1980,81,218055.8,97747.91,315803.70999999996
1980,82,190839.63,79712.26000000001,270551.89
1980,83,164773.19,64806.02,229579.2
1980,84,139255.11000000002,52340.82,191595.93000000002
1980,85,115071.55,41534.43,156605.97999999998
1980,86,94508.97,33478.52,127987.51
1980,87,74957.57,26706.65,101664.20999999999
1980,88,58587.369999999995,20969.09,79556.45000000001
1980,89,44906.99,16237.19,61144.18
1980,90,33214.32,12140.76,45355.08
1981,65,343750.33999999997,211986.84000000003,555737.16
1981,66,446161.83999999997,269570.5,715732.33
1981,67,501990.83,303033.82999999996,805024.67
1981,68,505410.0,306799.66,812209.67
1981,69,490510.83,295363.17,785874.0
1981,70,478091.33999999997,281251.32999999996,759342.67
1981,71,478522.33,277128.0,755650.3400000001
1981,72,466644.33,266961.33,733605.67
1981,73,444041.5,252614.0,696655.5
1981,74,420065.0,236733.16999999998,656798.17
1981,75,391276.0,221731.83,613007.84
1981,76,363176.83,207982.5,571159.3300000001
1981,77,335564.0,186230.5,521794.5
1981,78,310776.66,165326.83000000002,476103.5
1981,79,286842.32999999996,146303.5,433145.83999999997
1981,80,253982.49000000002,124131.97,378114.45999999996
1981,81,223092.47999999998,103088.41,326180.89
1981,82,197079.66,84549.44,281629.1
1981,83,170430.15000000002,68186.81999999999,238616.97999999998
1981,84,144885.87,54657.09,199542.96
1981,85,120724.47,43504.57,164229.03999999998
1981,86,98206.76,33919.35,132126.11
1981,87,79365.37,26891.800000000003,106257.17
1981,88,61757.479999999996,21089.589999999997,82847.06
1981,89,47316.12,16231.71,63547.83
1981,90,35558.43,12357.98,47916.41
1982,65,277373.66,172452.33000000002,449826.0
1982,66,338867.32999999996,205571.66,544439.0
1982,67,439149.67,260835.16999999998,699984.8300000001
1982,68,493228.33,292226.33,785454.6599999999
1982,69,495310.33,294717.34,790027.67
1982,70,479592.33999999997,282664.82999999996,762257.17
1982,71,466010.83,267542.5,733553.33
1982,72,464790.67,262017.5,726808.17
1982,73,451281.17,250912.5,702193.67
1982,74,427475.66000000003,235988.0,663463.67
1982,75,402375.5,219514.15999999997,621889.66
1982,76,372388.5,204108.83000000002,576497.34
1982,77,343473.33999999997,189729.5,533202.84
1982,78,315313.0,168542.0,483855.0
1982,79,289487.0,148041.66999999998,437528.66000000003
1982,80,265346.21,129536.28,394882.49
1982,81,232204.55,108723.40000000001,340927.95
1982,82,201627.55,89107.03,290734.57
1982,83,176151.23,72328.25,248479.49
1982,84,150181.39,57462.66,207644.05
1982,85,125826.60999999999,45338.61,171165.22
1982,86,103259.55,35525.63,138785.17
1982,87,82657.52,27248.42,109905.94
1982,88,65510.799999999996,21238.870000000003,86749.67
1982,89,49944.58,16406.690000000002,66351.27
1982,90,37537.57,12363.65,49901.21
1983,65,265820.5,164656.5,430477.0
1983,66,273428.5,167378.83000000002,440807.33
1983,67,333541.83,198994.16,532536.0
1983,68,431617.33,251810.49,683427.8300000001
1983,69,483774.33999999997,280974.32999999996,764748.67
1983,70,484589.33,282103.83,766693.17
1983,71,467857.33,269366.0,737223.33
1983,72,453046.0,253517.34000000003,706563.33
1983,73,450049.5,246836.33000000002,696885.8300000001
1983,74,434982.17,234692.0,669674.16
1983,75,409918.0,219138.15999999997,629056.1699999999
1983,76,383653.0,202328.67,585981.66
1983,77,352783.33999999997,186445.5,539228.84
1983,78,323231.17000000004,172015.5,495246.67
1983,79,294383.67000000004,151392.16999999998,445775.83
1983,80,268379.78,131499.49,399879.28
1983,81,243149.3,113675.45,356824.74
1983,82,210426.30000000002,94113.09000000001,304539.39
1983,83,180533.80000000002,76281.76000000001,256815.55
1983,84,155599.49,61112.69,216712.16999999998
1983,85,130951.48,47855.62,178807.09999999998
1983,86,108145.04000000001,37203.27,145348.31
1983,87,87310.65999999999,28597.81,115908.45999999999
1983,88,68616.62,21613.800000000003,90230.43000000001
1983,89,53316.759999999995,16560.45,69877.2
1983,90,39849.54,12534.93,52384.48
1984,65,338386.83999999997,207843.17,546230.01
1984,66,262077.33000000002,159792.33000000002,421869.67
1984,67,269183.17000000004,162053.33000000002,431236.5
1984,68,327873.5,192116.33,519989.83
1984,69,423379.0,242225.83,665604.8400000001
1984,70,473468.33,269263.17,742731.5
1984,71,473013.5,269106.83,742120.3400000001
1984,72,455148.17,255571.84000000003,710720.01
1984,73,439177.5,239335.15999999997,678512.6599999999
1984,74,434274.17,231406.33000000002,665680.49
1984,75,417623.5,218449.5,636073.0
1984,76,391568.33,202375.5,593943.84
1984,77,364158.17,185489.65999999997,549647.8300000001
1984,78,332640.0,169327.84000000003,501967.83
1984,79,302355.17,154792.84,457148.0
1984,80,273153.91,134366.67,407520.59
1984,81,246494.76,115764.71,362259.47
1984,82,221050.94,98734.19,319785.12
1984,83,189078.79,80732.02,269810.8
1984,84,160158.95,64577.380000000005,224736.33
1984,85,136171.29,51053.68,187224.97
1984,86,113028.45999999999,39429.15,152457.6
1984,87,91824.52,30067.81,121892.33
1984,88,72900.64,22759.71,95660.35
1984,89,56284.29,16836.55,73120.84
1984,90,42858.9,12687.22,55546.12
1985,65,471034.0,285571.5,756605.5
1985,66,333786.67,201755.5,535542.16
1985,67,258049.34000000003,154690.16999999998,412739.5
1985,68,264719.33,156489.16,421208.5
1985,69,321722.32999999996,184897.66999999998,506620.0
1985,70,414558.66000000003,232347.16,646905.83
1985,71,462560.33999999997,257027.0,719587.33
1985,72,460597.33,255528.66999999998,716126.0
1985,73,441662.5,241510.83,683173.3400000001
1985,74,424216.0,224725.5,648941.5
1985,75,417408.5,215538.16999999998,632946.67
1985,76,399444.0,201875.0,601319.0
1985,77,372298.0,185669.17,557967.17
1985,78,343923.5,168650.17,512573.67
1985,79,311651.5,152425.0,464076.5
1985,80,280244.75,137436.53,417681.28
1985,81,251315.71,118468.82999999999,369784.54
1985,82,224376.55,100773.22,325149.77
1985,83,198910.22999999998,84863.7,283773.92
1985,84,168076.74000000002,68381.71,236458.45
1985,85,140268.74,53963.090000000004,194231.83
1985,86,117530.76000000001,41999.91,159530.67
1985,87,95915.76,31915.559999999998,127831.32
1985,88,76647.65,23834.42,100482.06
1985,89,59867.78,17704.309999999998,77572.09
1985,90,45373.43,12876.18,58249.600000000006
1986,65,530915.83,322641.16000000003,853557.0
1986,66,464620.16000000003,277498.84,742119.0
1986,67,328903.33,195545.33,524448.6699999999
1986,68,253779.5,149458.33000000002,403237.83
1986,69,259769.65999999997,150799.0,410568.67
1986,70,315014.33,177483.67,492498.0
1986,71,405027.17,221962.66999999998,626989.83
1986,72,450545.5,244470.34000000003,695015.8400000001
1986,73,447105.67,241655.67,688761.3400000001
1986,74,427074.0,227037.83000000002,654111.8300000001
1986,75,408321.83,209788.5,618110.34
1986,76,399599.0,199624.33000000002,599223.34
1986,77,380071.5,185433.0,565504.5
1986,78,351959.5,169026.67,520986.16000000003
1986,79,322679.5,151955.0,474634.5
1986,80,290059.11,136290.43,426349.53
1986,81,258051.21000000002,121239.48000000001,379290.69
1986,82,228875.5,103203.28,332078.77
1986,83,202192.84,86641.17,288834.01
1986,84,176997.86,71927.65,248925.51
1986,85,147385.37,57240.020000000004,204625.38
1986,86,121152.87,44347.72,165500.59
1986,87,99886.56,34001.06,133887.61000000002
1986,88,80166.06,25262.870000000003,105428.94
1986,89,62851.46,18605.39,81456.85
1986,90,48130.58,13550.13,61680.72
1987,65,510678.83,317745.17000000004,828424.0
1987,66,524818.5,315389.5,840208.0
1987,67,457652.83,270278.5,727931.3400000001
1987,68,322628.17,189442.15999999997,512070.33
1987,69,248330.83000000002,144209.33000000002,392540.17
1987,70,254063.65999999997,145251.83000000002,399315.5
1987,71,307388.34,170053.0,477441.33999999997
1987,72,393974.66000000003,211878.83,605853.5
1987,73,437898.16000000003,232586.0,670484.1599999999
1987,74,432697.17,228720.5,661417.6599999999
1987,75,411209.67,213303.34000000003,624513.0
1987,76,390936.33,195404.66999999998,586341.0
1987,77,380143.5,184644.34000000003,564787.84
1987,78,359342.0,170101.0,529443.0
1987,79,330717.67,154026.16999999998,484743.83
1987,80,302200.79,137188.24,439389.04
1987,81,268005.95,120820.76000000001,388826.70999999996
1987,82,235916.03999999998,106006.98000000001,341923.01
1987,83,207100.83000000002,89046.78,296147.61
1987,84,180692.0,73802.17,254494.18
1987,85,156064.69,60499.99,216564.68
1987,86,128026.86,47323.34,175350.22
1987,87,103582.03,36042.73,139624.76
1987,88,83943.39,27159.230000000003,111102.61000000002
1987,89,66175.23,19850.05,86025.27
1987,90,50974.450000000004,14337.39,65311.840000000004
1988,65,480881.16000000003,300839.17000000004,781720.33
1988,66,505452.0,310951.0,816403.0
1988,67,517162.83,307142.0,824304.83
1988,68,449457.0,261863.33,711320.33
1988,69,316265.17000000004,182882.33,499147.5
1988,70,242946.84,138967.16999999998,381914.01
1988,71,248058.5,139409.0,387467.5
1988,72,299022.0,162554.17,461576.17
1988,73,383336.33,202052.0,585388.3300000001
1988,74,424288.17,220769.5,645057.66
1988,75,417278.67,215345.0,632623.6699999999
1988,76,394292.17,199121.67,593413.84
1988,77,372528.83,181181.33000000002,553710.17
1988,78,360241.17,169900.5,530141.6699999999
1988,79,338537.0,155484.66,494021.66000000003
1988,80,310507.81,138410.88,448918.69
1988,81,280126.94,122005.90999999999,402132.85
1988,82,245898.26,106118.1,352016.35000000003
1988,83,214129.18,91892.98000000001,306022.16000000003
1988,84,185723.31,76216.44,261939.75
1988,85,159979.32,62245.84,222225.16
1988,86,136271.67,50286.32,186557.99000000002
1988,87,110071.34999999999,38646.68,148718.02
1988,88,87505.34999999999,28947.559999999998,116452.91
1988,89,69774.54000000001,21455.22,91229.76000000001
1988,90,53981.549999999996,15379.21,69360.76
1989,65,466637.17,291217.5,757854.6599999999
1989,66,475612.16000000003,293136.34,768748.5
1989,67,498859.33999999997,302177.33,801036.67
1989,68,509477.17,297480.67000000004,806957.8400000001
1989,69,441957.0,252847.33000000002,694804.33
1989,70,310270.0,175962.5,486232.5
1989,71,237728.83,133172.0,370900.83
1989,72,242022.0,132965.66999999998,374987.66000000003
1989,73,291143.34,154392.83000000002,445536.17
1989,74,371825.33999999997,191007.0,562832.34
1989,75,410241.83999999997,207520.5,617762.3300000001
1989,76,401323.0,200894.33,602217.34
1989,77,377199.16000000003,184272.0,561471.16
1989,78,354232.66000000003,166239.5,520472.16000000003
1989,79,340136.17,154434.16999999998,494570.33
1989,80,318916.95,139345.28,458262.24
1989,81,288207.13,123240.37999999999,411447.5
1989,82,257569.58000000002,107433.73999999999,365003.33
1989,83,223565.40000000002,92137.43,315702.83
1989,84,192402.83,78724.98,271127.81
1989,85,164597.62,64248.44,228846.07
1989,86,139832.13,51747.84,191579.96999999997
1989,87,117231.48,41152.990000000005,158384.47
1989,88,93139.99,31054.850000000002,124194.84
1989,89,72833.83,22818.22,95652.04999999999
1989,90,56866.36,16604.55,73470.92
1990,65,471359.33,311202.5,782561.83
1990,66,461706.17,283830.17,745536.33
1990,67,469919.0,285098.0,755017.0
1990,68,491993.83,292997.5,784991.33
1990,69,501226.0,287337.33,788563.33
1990,70,434123.17,243383.5,677506.67
1990,71,303414.33,168499.5,471913.83
1990,72,232113.0,127066.17,359179.17
1990,73,235817.33,126395.83,362213.17
1990,74,282775.5,146091.17,428866.67
1990,75,359878.83,179824.17,539703.0
1990,76,395013.33,194008.33,589021.67
1990,77,384398.0,186245.17,570643.16
1990,78,359134.67,169311.84,528446.5
1990,79,334714.83,151354.0,486068.83
1990,80,320510.66,138494.74,459005.39
1990,81,296085.88,124039.72,420125.61
1990,82,265074.39,108554.32,373628.71
1990,83,234398.35,93385.53,327783.88
1990,84,201015.33,78951.55,279966.88
1990,85,170459.93,66392.6,236852.53
1990,86,143821.06,53222.08,197043.13
1990,87,120208.07,42165.81,162373.88
1990,88,99069.75,32982.29,132052.04
1990,89,77270.11,24386.32,101656.42
1990,90,59133.45,17541.38,76674.83
1991,65,468358.5,335304.0,803662.5
1991,66,466332.17,303380.5,769712.67
1991,67,456477.17,276051.0,732528.17
1991,68,463591.67,276575.33,740167.0
1991,69,484240.67,283203.17,767443.83
1991,70,492366.5,276739.83,769106.33
1991,71,424666.33,233193.67,657860.0
1991,72,297170.5,161200.5,458371.0
1991,73,226271.17,120831.33,347102.5
1991,74,229001.5,119703.83,348705.33
1991,75,273821.5,137585.17,411406.67
1991,76,346632.33,168246.83,514879.17
1991,77,378821.83,180266.0,559087.83
1991,78,366579.83,171493.83,538073.67
1991,79,340048.83,154473.5,494522.33
1991,80,315021.46,135715.12,450736.59
1991,81,298236.75,123697.01,421933.77
1991,82,272748.15,109391.0,382139.15
1991,83,241668.99,94546.94,336215.93
1991,84,211225.45,80147.65,291373.09
1991,85,178625.77,66797.84,245423.6
1991,86,149345.7,55224.39,204570.09
1991,87,124053.16,43474.21,167527.37
1991,88,101942.35,33865.78,135808.12
1991,89,82408.53,25988.1,108396.63
1991,90,63011.9,18794.96,81806.86
1992,65,451337.83,351534.17,802872.0
1992,66,463496.0,327092.33,790588.33
1992,67,461044.67,295277.17,756321.83
1992,68,450411.83,267859.67,718271.5
1992,69,456470.33,267554.0,724024.33
1992,70,475712.83,273024.17,748737.0
1992,71,482351.5,265671.83,748023.33
1992,72,415837.33,223229.67,639067.0
1992,73,289883.67,153418.67,443302.33
1992,74,219773.33,114469.5,334242.83
1992,75,221685.0,112665.0,334350.0
1992,76,263860.33,128649.5,392509.83
1992,77,332789.0,156550.5,489339.5
1992,78,361864.33,166564.0,528428.33
1992,79,347916.83,157070.17,504987.0
1992,80,320596.07,139084.39,459680.46
1992,81,294066.96,121727.62,415794.59
1992,82,275659.09,109454.51,385113.6
1992,83,249552.31,95692.67,345244.98
1992,84,218507.32,81689.27,300196.59
1992,85,188582.11,68198.65,256780.76
1992,86,157267.6,55939.17,213206.77
1992,87,129427.7,45380.22,174807.93
1992,88,105724.83,35126.88,140851.71
1992,89,85344.85,26875.11,112219.96
1992,90,67681.03,20216.43,87897.46
1993,65,448748.0,381531.83,830279.83
1993,66,446911.33,342945.0,789856.33
1993,67,458376.33,318541.0,776917.33
1993,68,455235.83,286725.5,741961.33
1993,69,443872.83,259330.83,703203.67
1993,70,448950.17,258248.5,707198.67
1993,71,466557.83,262385.67,728943.5
1993,72,471765.83,254175.33,725941.17
1993,73,405514.67,212654.5,618169.17
1993,74,281941.33,145398.33,427339.67
1993,75,212918.5,107814.83,320733.33
1993,76,213855.33,105530.33,319385.67
1993,77,253508.5,119883.33,373391.83
1993,78,318129.83,144849.33,462979.17
1993,79,344048.5,152950.17,496998.67
1993,80,328622.02,141886.45,470508.46
1993,81,299932.57,125125.56,425058.13
1993,82,272486.13,108221.62,380707.75
1993,83,252973.25,96127.51,349100.77
1993,84,226391.15,82901.5,309292.65
1993,85,195800.82,69756.1,265556.93
1993,86,166758.45,57344.98,224103.43
1993,87,136757.1,46240.51,182997.6
1993,88,110642.2,36812.89,147455.09
1993,89,88977.83,27988.21,116966.04
1993,90,70406.51,20929.78,91336.29
1994,65,451788.5,399875.67,851664.17
1994,66,444437.17,372073.84,816511.0
1994,67,442042.0,333870.5,775912.5
1994,68,452695.83,309492.17,762188.0
1994,69,448662.83,277748.0,726410.84
1994,70,436684.67,250413.17,687097.83
1994,71,440562.17,248415.0,688977.16
1994,72,456550.0,251228.83,707778.83
1994,73,460115.33,242383.5,702498.83
1994,74,394405.17,201789.83,596195.0
1994,75,273352.67,137147.33,410500.0
1994,76,205528.5,101136.67,306665.17
1994,77,205541.33,98475.83,304017.17
1994,78,242436.83,111067.17,353504.0
1994,79,302600.0,133135.0,435735.0
1994,80,325262.36,138213.83,463476.18
1994,81,307829.18,127849.58,435678.77
1994,82,278321.74,111490.53,389812.26
1994,83,250333.63,95253.43,345587.06
1994,84,230005.92,83440.98,313446.9
1994,85,203069.81,70914.3,273984.12
1994,86,173327.32,58608.91,231936.23
1994,87,145414.95,47406.29,192821.24
1994,88,117228.43,37608.82,154837.25
1994,89,93149.37,29352.04,122501.41
1994,90,73459.33,21793.53,95252.86
1995,65,451350.5,401989.83,853340.33
1995,66,447381.17,390026.5,837407.67
1995,67,439569.17,362190.5,801759.67
1995,68,436623.5,324362.0,760985.5
1995,69,446296.33,299925.67,746222.0
1995,70,441451.5,268287.67,709739.17
1995,71,428815.83,241030.5,669846.33
1995,72,431550.83,238149.17,669700.0
1995,73,445801.17,239810.5,685611.67
1995,74,447716.17,230149.5,677865.67
1995,75,382500.17,190581.5,573081.67
1995,76,264055.5,128854.33,392909.83
1995,77,197728.67,94438.83,292167.5
1995,78,196689.67,91251.83,287941.5
1995,79,230799.17,102266.17,333065.33
1995,80,286187.47,120418.53,406606.01
1995,81,305262.69,124849.97,430112.65
1995,82,286334.02,114207.22,400541.24
1995,83,256422.07,98426.66,354848.73
1995,84,228176.8,82937.23,311114.02
1995,85,206918.42,71653.29,278571.71
1995,86,180092.81,59931.28,240024.09
1995,87,151520.66,48630.38,200151.04
1995,88,125121.45,38710.6,163832.05
1995,89,98996.77,30087.8,129084.56
1995,90,77178.54,22913.19,100091.72
1996,65,437667.67,392305.0,829972.67
1996,66,446730.67,391970.67,838701.33
1996,67,442379.17,379617.33,821996.5
1996,68,434068.5,351653.0,785721.5
1996,69,430325.67,314268.67,744594.33
1996,70,439140.33,289935.5,729075.83
1996,71,433531.67,258320.0,691851.67
1996,72,420078.0,231092.67,651170.67
1996,73,421460.0,227362.67,648822.67
1996,74,433818.83,227764.67,661583.5
1996,75,434153.33,217415.0,651568.33
1996,76,369513.0,179018.0,548531.0
1996,77,254083.33,120373.33,374456.67
1996,78,189118.67,87521.17,276639.83
1996,79,187214.33,84022.67,271237.0
1996,80,218160.55,92553.75,310714.29
1996,81,268484.14,108725.03,377209.17
1996,82,284114.69,111583.97,395698.65
1996,83,264211.85,100912.55,365124.4
1996,84,234028.41,85826.33,319854.73
1996,85,205553.8,71227.4,276781.19
1996,86,183896.75,60626.29,244523.04
1996,87,157525.31,49774.11,207299.42
1996,88,130399.99,39658.21,170058.2
1996,89,105731.28,30933.44,136664.72
1996,90,81944.43,23431.97,105376.4
1997,65,413668.33,373874.83,787543.17
1997,66,432963.83,382540.67,815504.5
1997,67,441620.83,381676.33,823297.17
1997,68,436796.83,368577.83,805374.67
1997,69,427762.5,340728.33,768490.83
1997,70,423430.5,303935.17,727365.67
1997,71,431286.5,279502.5,710789.0
1997,72,424723.83,248012.83,672736.67
1997,73,410593.67,220975.5,631569.17
1997,74,410628.5,216394.67,627023.17
1997,75,421159.83,215666.67,636826.5
1997,76,419948.0,204649.83,624597.83
1997,77,355889.83,167539.17,523429.0
1997,78,243544.17,111981.0,355525.17
1997,79,180242.67,80754.83,260997.5
1997,80,177048.17,76254.27,253302.44
1997,81,205069.71,83888.25,288957.96
1997,82,250455.97,97508.37,347964.34
1997,83,262730.86,99024.3,361755.15
1997,84,241905.18,88482.55,330387.74
1997,85,211736.91,74088.0,285824.9
1997,86,183628.63,60567.4,244196.03
1997,87,161761.75,50806.29,212568.04
1997,88,136277.48,40985.94,177263.42
1997,89,110840.82,31904.38,142745.2
1997,90,88072.11,24315.77,112387.88
1998,65,402724.0,366704.17,769428.17
1998,66,409143.67,364730.17,773873.83
1998,67,427894.0,372572.5,800466.5
1998,68,435963.0,370824.0,806787.0
1998,69,430597.83,357239.0,787836.83
1998,70,421034.0,329462.5,750496.5
1998,71,415946.67,293137.83,709084.5
1998,72,422645.83,268624.83,691270.67
1998,73,415316.5,237521.67,652838.17
1998,74,400439.83,210688.67,611128.5
1998,75,399097.5,205246.5,604344.0
1998,76,407809.33,203441.33,611250.67
1998,77,404942.67,191850.83,596793.5
1998,78,341453.83,156128.5,497582.33
1998,79,232523.5,103512.83,336036.33
1998,80,170696.79,73475.73,244172.52
1998,81,166765.67,69318.77,236084.44
1998,82,191659.05,75459.08,267118.12
1998,83,231883.81,86815.53,318699.34
1998,84,241040.52,87115.8,328156.32
1998,85,219518.52,76645.22,296163.74
1998,86,189665.57,63210.16,252875.73
1998,87,162201.96,50885.56,213087.53
1998,88,140460.59,41928.45,182389.04
1998,89,116240.65,33141.61,149382.26
1998,90,92736.32,25178.71,117915.04
1999,65,443261.0,406990.83,850251.83
1999,66,398489.17,358116.17,756605.33
1999,67,404535.17,355594.67,760129.83
1999,68,422522.33,362259.67,784782.0
1999,69,430042.83,359741.33,789784.17
1999,70,424108.17,345627.83,769736.0
1999,71,413911.67,317974.5,731886.17
1999,72,407933.17,282101.17,690034.33
1999,73,413482.83,257581.17,671064.0
1999,74,405327.33,226791.67,632119.0
1999,75,389600.0,200140.17,589740.17
1999,76,386806.0,194038.17,580844.17
1999,77,393707.83,191086.5,584794.33
1999,78,388869.33,179008.67,567878.0
1999,79,326216.67,144636.5,470853.17
1999,80,220667.16,94491.83,315158.99
1999,81,160797.12,66822.57,227619.69
1999,82,155888.0,62445.44,218333.44
1999,83,177647.55,67246.91,244894.46
1999,84,212841.31,76403.53,289244.84
1999,85,218960.19,75647.13,294607.32
1999,86,196715.18,65630.55,262345.74
1999,87,167682.41,53181.16,220863.57
1999,88,141022.29,42031.4,183053.69
1999,89,119978.42,33972.79,153951.21
1999,90,97441.98,26171.28,123613.26
2000,65,502262.83,462463.0,964725.83
2000,66,438881.5,397901.83,836783.33
2000,67,394157.67,349375.0,743532.67
2000,68,399705.67,346055.0,745760.67
2000,69,416908.17,351841.17,768749.33
2000,70,423733.0,348415.17,772148.17
2000,71,417276.33,333869.0,751145.33
2000,72,406332.0,306253.0,712585.0
2000,73,399494.0,270939.33,670433.33
2000,74,404064.83,246375.33,650440.17
2000,75,394856.5,215911.83,610768.33
2000,76,378154.17,189804.5,567958.67
2000,77,373925.83,182791.33,556717.17
2000,78,378858.17,178655.33,557513.5
2000,79,372027.67,166159.33,538187.0
2000,80,309864.19,132118.29,441982.49
2000,81,208421.96,86281.47,294703.43
2000,82,150534.94,60293.71,210828.65
2000,83,144803.15,55723.09,200526.23
2000,84,163279.35,59328.56,222607.91
2000,85,193627.77,66599.18,260226.95
2000,86,196950.97,65047.6,261998.57
2000,87,174468.13,55482.02,229950.15
2000,88,146241.35,44223.3,190464.66
2000,89,120795.92,34210.38,155006.29
2000,90,100912.54,26986.27,127898.81
2001,65,523259.17,482125.0,1005384.17
2001,66,497539.67,452787.0,950326.67
2001,67,434241.17,388702.84,822944.0
2001,68,389575.5,340438.17,730013.67
2001,69,394511.17,336421.5,730932.67
2001,70,410860.0,341056.67,751916.67
2001,71,416983.5,336780.67,753764.17
2001,72,409864.33,321702.17,731566.5
2001,73,398213.5,294445.17,692658.67
2001,74,390573.17,259544.17,650117.34
2001,75,393866.83,234946.5,628813.34
2001,76,383584.83,205001.17,588586.0
2001,77,365908.17,179205.5,545113.67
2001,78,360311.83,171356.17,531668.0
2001,79,363081.0,166357.17,529438.17
2001,80,353365.39,152050.77,505416.15
2001,81,293223.12,121056.05,414279.17
2001,82,195657.9,78201.08,273858.98
2001,83,140090.06,54047.33,194137.39
2001,84,133516.76,49468.04,182984.8
2001,85,148822.45,51984.51,200806.96
2001,86,174547.85,57419.95,231967.8
2001,87,175260.21,55236.37,230496.57
2001,88,152911.53,46319.13,199230.66
2001,89,126011.26,36207.42,162218.68
2001,90,102091.0,27445.49,129536.49
2002,65,532760.83,493230.67,1025991.5
2002,66,518489.17,472442.5,990931.67
2002,67,492453.17,442722.17,935175.33
2002,68,429178.67,379065.5,808244.17
2002,69,384551.0,331207.83,715758.83
2002,70,388953.33,326451.5,715404.83
2002,71,404309.5,329949.17,734258.67
2002,72,409689.0,324747.17,734436.17
2002,73,401852.0,309255.17,711107.17
2002,74,389421.67,282109.33,671531.0
2002,75,380843.0,247822.67,628665.67
2002,76,382875.0,223237.0,606112.0
2002,77,371485.5,193824.33,565309.83
2002,78,352783.67,168301.83,521085.5
2002,79,345619.67,159851.17,505470.83
2002,80,345192.05,152474.7,497666.75
2002,81,334404.84,139511.55,473916.4
2002,82,275453.25,110003.18,385456.43
2002,83,182280.21,70301.88,252582.09
2002,84,129211.2,48019.14,177230.34
2002,85,121781.06,43378.52,165159.58
2002,86,134211.92,44890.65,179102.56
2002,87,155170.97,48843.24,204014.21
2002,88,153644.66,46129.33,199773.99
2002,89,131834.98,38006.1,169841.08
2002,90,106517.39,29180.56,135697.94
2003,65,552205.84,514032.67,1066238.5
2003,66,528080.83,483486.67,1011567.5
2003,67,513339.5,462174.83,975514.33
2003,68,486896.0,431894.01,918790.0
2003,69,423674.01,368967.35,792641.36
2003,70,379160.66,321583.33,700743.99
2003,71,382736.33,315993.16,698729.5
2003,72,397213.5,318281.82,715495.32
2003,73,401685.83,312115.34,713801.17
2003,74,393023.16,296167.83,689190.99
2003,75,379623.5,269151.68,648775.18
2003,76,370565.0,235632.01,606197.0
2003,77,370900.0,211100.68,582000.67
2003,78,358306.66,182208.19,540514.85
2003,79,338494.5,157094.83,495589.33
2003,80,328909.45,146488.0,475397.45
2003,81,326537.36,139943.84,466481.2
2003,82,313964.89,126840.34,440805.23
2003,83,256369.25,98793.98,355163.23
2003,84,168013.76,62341.72,230355.48
2003,85,117635.48,42025.89,159661.37
2003,86,109668.67,37435.78,147104.45
2003,87,119094.11,38129.55,157223.66
2003,88,135512.45,40689.39,176201.84
2003,89,132054.8,37707.4,169762.2
2003,90,110990.15,30441.23,141431.38
2004,65,585403.34,545726.01,1131129.34
2004,66,547502.33,504076.51,1051578.84
2004,67,522991.0,473386.5,996377.5
2004,68,507862.67,451409.67,959272.34
2004,69,480905.84,420939.34,901845.17
2004,70,417864.34,358612.68,776477.02
2004,71,373274.17,311713.66,684987.83
2004,72,376194.0,305289.83,681483.83
2004,73,389601.0,306318.33,695919.33
2004,74,393230.34,299389.83,692620.17
2004,75,383638.83,282793.34,666432.16
2004,76,369695.0,256133.35,625828.35
2004,77,359270.66,223217.35,582488.01
2004,78,358241.16,198879.34,557120.5
2004,79,344265.17,170565.35,514830.52
2004,80,322466.16,144374.74,466840.9
2004,81,312047.49,134860.0,446907.49
2004,82,307393.55,127727.1,435120.65
2004,83,292936.08,114419.76,407355.85
2004,84,237113.77,88122.46,325236.24
2004,85,153714.69,55030.96,208745.65
2004,86,106128.13,36483.5,142611.63
2004,87,97645.61,31921.23,129566.84
2004,88,104302.13,31975.41,136277.54
2004,89,116960.15,33496.95,150457.11
2004,90,111881.04,30451.3,142332.34
2005,65,604622.83,564504.5,1169127.33
2005,66,580427.0,535339.67,1115766.67
2005,67,542273.33,493907.0,1036180.33
2005,68,517511.67,462819.67,980331.33
2005,69,501794.0,440403.0,942197.0
2005,70,474463.67,409487.84,883951.5
2005,71,411567.67,347953.01,759520.68
2005,72,367429.33,301774.17,669203.5
2005,73,369135.17,294358.49,663493.66
2005,74,382060.66,294540.33,676600.99
2005,75,384177.67,286302.67,670480.33
2005,76,373602.33,269158.0,642760.33
2005,77,358691.67,242786.01,601477.68
2005,78,347381.82,210523.01,557904.83
2005,79,344515.33,186507.5,531022.83
2005,80,328334.17,157302.17,485636.35
2005,81,306569.54,133309.08,439878.61
2005,82,294357.05,123328.29,417685.34
2005,83,287492.28,115530.67,403022.94
2005,84,271363.02,102279.85,373642.86
2005,85,217239.66,77840.9,295080.56
2005,86,139080.65,47897.23,186977.88
2005,87,94746.18,31260.78,126006.97
2005,88,85866.14,26943.36,112809.5
2005,89,90208.81,26479.99,116688.81
2005,90,99375.88,27224.12,126599.99
2006,65,587218.33,550155.5,1137373.83
2006,66,599442.17,553840.67,1153282.84
2006,67,574987.5,524748.01,1099735.5
2006,68,536662.67,483249.34,1019912.0
2006,69,511516.33,451805.34,963321.67
2006,70,495291.0,428929.68,924220.68
2006,71,467568.34,397762.51,865330.84
2006,72,405711.84,337374.85,743086.68
2006,73,360631.17,291352.17,651983.33
2006,74,362106.83,283403.17,645510.0
2006,75,373251.5,282030.33,655281.83
2006,76,374296.67,272886.17,647182.84
2006,77,362919.67,255471.5,618391.17
2006,78,346963.34,229097.67,576061.01
2006,79,334303.16,197627.51,531930.67
2006,80,328620.93,172444.44,501065.37
2006,81,312409.95,145693.14,458103.09
2006,82,289509.57,122166.92,411676.49
2006,83,275558.14,111875.61,387433.75
2006,84,266745.41,103459.1,370204.51
2006,85,248968.87,90507.14,339476.02
2006,86,196744.02,68037.04,264781.06
2006,87,124459.06,41309.98,165769.04
2006,88,83413.59,26406.35,109819.94
2006,89,74309.69,22318.11,96627.8
2006,90,76625.37,21515.38,98140.75
2007,65,514775.66,484650.49,999426.15
2007,66,582120.83,539853.17,1121974.0
2007,67,593867.5,542909.51,1136777.01
2007,68,569187.67,513836.5,1083024.17
2007,69,530634.34,472174.84,1002809.18
2007,70,505103.5,440432.67,945536.17
2007,71,488359.67,417063.5,905423.17
2007,72,460674.84,385895.67,846570.51
2007,73,398467.34,326014.51,724481.85
2007,74,353423.34,280404.17,633827.5
2007,75,353975.67,271647.0,625622.67
2007,76,363817.17,269197.83,633015.0
2007,77,363985.0,259410.67,623395.67
2007,78,351214.5,241369.17,592583.67
2007,79,334318.34,215263.01,549581.35
2007,80,318940.54,183137.73,502078.27
2007,81,312976.36,159880.76,472857.11
2007,82,295435.11,133771.01,429206.11
2007,83,271512.16,111224.03,382736.19
2007,84,256130.82,100572.35,356703.16
2007,85,245367.95,91984.49,337352.45
2007,86,226031.13,79280.73,305311.86
2007,87,176290.56,58755.62,235046.18
2007,88,109896.5,35054.8,144951.3
2007,89,72386.65,21983.65,94370.3
2007,90,63341.26,18198.11,81539.38
2008,65,466102.67,440281.84,906384.5
2008,66,510213.66,475632.32,985845.98
2008,67,576603.33,529326.33,1105929.66
2008,68,587806.5,531741.67,1119548.17
2008,69,562836.17,502349.01,1065185.17
2008,70,524096.5,460721.84,984818.34
2008,71,498237.17,428681.17,926918.33
2008,72,480797.5,404852.67,885650.17
2008,73,452680.0,373303.34,825983.34
2008,74,390682.18,314114.85,704797.03
2008,75,345642.17,269053.33,614695.5
2008,76,345077.5,259580.0,604657.5
2008,77,353580.33,255944.66,609524.98
2008,78,352316.83,245161.67,597478.5
2008,79,338517.5,226735.0,565252.5
2008,80,319076.85,199975.87,519052.72
2008,81,303888.07,169749.98,473638.04
2008,82,296020.55,146937.38,442957.92
2008,83,277262.02,121883.21,399145.23
2008,84,252543.5,100145.33,352688.83
2008,85,235695.03,89516.65,325211.68
2008,86,222898.65,80512.59,303411.24
2008,87,202359.73,68301.37,270661.11
2008,88,155391.74,49921.62,205313.36
2008,89,95229.2,29229.91,124459.11
2008,90,61583.85,17907.43,79491.28
2009,65,465533.66,437992.67,903526.33
2009,66,461743.67,432208.17,893951.84
2009,67,505274.98,466552.12,971827.1
2009,68,570653.49,518452.65,1089106.13
2009,69,581282.5,519921.5,1101204.0
2009,70,556036.0,490300.35,1046336.35
2009,71,517154.34,448817.83,965972.17
2009,72,490789.99,416457.33,907247.32
2009,73,472659.0,392007.34,864666.33
2009,74,443993.5,360071.0,804064.5
2009,75,382273.68,301782.21,684055.89
2009,76,337073.67,257390.33,594463.99
2009,77,335493.15,247069.82,582562.97
2009,78,342325.97,242052.97,584378.94
2009,79,339633.65,230499.99,570133.65
2009,80,323444.59,211352.31,534796.9
2009,81,304142.29,185403.28,489545.56
2009,82,287541.27,156009.37,443550.63
2009,83,277776.38,133873.24,411649.62
2009,84,257786.38,109891.6,367677.97
2009,85,232218.51,89019.58,321238.09
2009,86,213972.67,78434.45,292407.12
2009,87,199377.32,69472.89,268850.2
2009,88,178054.73,57999.14,236053.87
2009,89,134622.0,41550.69,176172.68
2009,90,80886.75,23831.23,104717.98
2010,65,401599.16,374470.66,776069.82
2010,66,461204.17,430138.17,891342.34
2010,67,457239.84,423968.67,881208.51
2010,68,500050.66,457062.3,957112.96
2010,69,564363.66,507105.82,1071469.48
2010,70,574407.67,507545.51,1081953.19
2010,71,548913.0,477910.35,1026823.35
2010,72,509722.17,436354.18,946076.35
2010,73,482827.67,403779.84,886607.5
2010,74,463909.0,378621.17,842530.18
2010,75,434728.0,346454.68,781182.68
2010,76,373004.35,289155.87,662160.21
2010,77,327849.66,245384.84,573234.5
2010,78,324974.83,234127.33,559102.16
2010,79,330155.66,227901.98,558057.64
2010,80,324042.03,215077.72,539119.75
2010,81,308669.21,196348.06,505017.27
2010,82,288223.13,170701.59,458924.71
2010,83,270212.42,142492.27,412704.69
2010,84,258595.07,120917.11,379512.18
2010,85,237492.11,97913.7,335405.81
2010,86,211317.75,78319.64,289637.39
2010,87,191861.61,67833.52,259695.13
2010,88,176073.99,59103.71,235177.7
2010,89,154686.29,48456.34,203142.63
2010,90,114849.98,34086.92,148936.91
2011,65,350088.82,326934.51,677023.33
2011,66,397851.33,367637.82,765489.14
2011,67,456732.5,421918.67,878651.17
2011,68,452502.17,415512.51,868014.67
2011,69,494486.16,447248.31,941734.46
2011,70,557708.66,495234.16,1052942.82
2011,71,567114.51,494847.01,1061961.51
2011,72,541269.84,464995.18,1006265.02
2011,73,501692.67,423524.84,925217.51
2011,74,474181.33,390523.67,864705.01
2011,75,454376.01,364791.84,819167.84
2011,76,424570.34,332343.34,756913.68
2011,77,363121.52,276074.53,639196.04
2011,78,317871.84,232830.5,550702.34
2011,79,313769.83,220768.5,534538.34
2011,80,315635.26,213034.66,528669.91
2011,81,309691.21,200263.97,509955.18
2011,82,292871.64,181170.06,474041.7
2011,83,271269.86,156216.54,427486.4
2011,84,252066.93,129051.9,381118.83
2011,85,238759.11,108156.35,346915.46
2011,86,216677.81,86465.51,303143.32
2011,87,190085.36,68006.14,258091.5
2011,88,170120.97,57899.08,228020.06
2011,89,153280.19,49520.34,202800.52
2011,90,132248.07,39831.82,172079.89
2012,65,426306.52,401219.37,827525.89
2012,66,346925.97,321142.06,668068.03
2012,67,394072.32,360909.81,754982.13
2012,68,452162.84,413717.51,865880.35
2012,69,447610.01,406886.85,854496.85
2012,70,488749.65,437260.46,926010.11
2012,71,550611.66,483267.66,1033879.32
2012,72,559323.17,481931.0,1041254.17
2012,73,533023.0,451639.68,984662.69
2012,74,493134.84,410269.68,903404.52
2012,75,464852.16,376900.68,841752.84
2012,76,444190.34,350603.18,794793.51
2012,77,413710.18,317881.68,731591.85
2012,78,352506.19,262588.37,615094.56
2012,79,307189.67,220025.84,527215.5
2012,80,301727.16,207237.17,508964.33
2012,81,301866.4,198585.5,500451.9
2012,82,294050.38,185140.48,479190.86
2012,83,275977.09,165845.01,441822.1
2012,84,253301.11,141598.6,394899.71
2012,85,232975.82,115590.86,348566.68
2012,86,218062.57,95591.16,313653.73
2012,87,195306.96,75212.08,270519.04
2012,88,168731.49,58230.54,226962.03
2012,89,148382.88,48618.93,197001.81
2012,90,131028.7,40762.13,171790.82
2013,65,441463.45,416756.38,858219.83
2013,66,422549.27,394415.86,816965.13
2013,67,343642.47,315430.68,659073.15
2013,68,390051.65,353893.8,743945.45
2013,69,447317.17,405229.5,852546.66
2013,70,442434.0,397950.0,840384.0
2013,71,482554.13,426895.27,909449.41
2013,72,543083.32,470817.14,1013900.46
2013,73,550974.33,468256.33,1019230.66
2013,74,524142.17,437704.16,961846.33
2013,75,483904.99,396293.67,880198.66
2013,76,454739.82,362621.83,817361.65
2013,77,433077.99,335701.17,768779.16
2013,78,401833.32,302818.5,704651.83
2013,79,340770.35,248596.87,589367.22
2013,80,295392.48,206711.5,502103.98
2013,81,288567.64,193192.49,481760.13
2013,82,286583.83,183520.32,470104.15
2013,83,276923.25,169293.46,446216.71
2013,84,257468.32,150138.01,407606.33
2013,85,233982.93,126636.76,360619.69
2013,86,212582.91,102062.91,314645.81
2013,87,196437.53,83044.32,279481.84
2013,88,173050.87,64289.69,237340.56
2013,89,146906.01,48792.92,195698.93
2013,90,126623.75,39937.03,166560.79
2014,65,483310.69,455137.72,938448.41
2014,66,437645.8,409831.59,847477.39
2014,67,418630.71,387476.27,806106.98
2014,68,340186.58,309373.23,649559.81
2014,69,385833.31,346723.97,732557.29
2014,70,442127.17,396421.68,838548.86
2014,71,436908.01,388644.68,825552.7
2014,72,476017.81,416084.27,892102.08
2014,73,535085.49,457753.0,992838.49
2014,74,542011.35,454196.7,996208.05
2014,75,514708.51,423368.87,938077.38
2014,76,473828.18,381920.03,855748.21
2014,77,443940.5,347906.18,791846.68
2014,78,421218.02,320493.86,741711.89
2014,79,389199.69,287492.01,676691.69
2014,80,328335.22,234258.75,562593.97
2014,81,282980.68,193390.33,476371.01
2014,82,274626.5,179097.34,453723.85
2014,83,270537.56,168360.03,438897.59
2014,84,259248.74,153746.2,412994.94
2014,85,238685.64,134788.93,373474.57
2014,86,214218.78,112239.44,326458.22
2014,87,192220.53,89150.39,281370.92
2014,88,175005.48,71458.08,246463.56
2014,89,151639.63,54303.98,205943.61
2014,90,126387.31,40443.76,166831.07
2015,65,509433.37,475261.04,984694.4
2015,66,479185.6,447621.61,926807.21
2015,67,433625.85,402632.3,836258.15
2015,68,414430.74,380184.87,794615.61
2015,69,336452.71,303040.82,639493.53
2015,70,381276.14,338992.29,720268.43
2015,71,436472.16,386983.66,823455.82
2015,72,430833.33,378740.5,809573.83
2015,73,468826.95,404495.75,873322.71
2015,74,526350.3,443810.62,970160.92
2015,75,532176.32,439027.16,971203.48
2015,76,503982.84,407930.0,911912.83
2015,77,462686.32,366584.0,829270.32
2015,78,431940.65,332361.32,764301.97
2015,79,408076.32,304527.97,712604.29
2015,80,375102.99,271045.5,646148.49
2015,81,314560.87,219256.38,533817.25
2015,82,269261.29,179342.32,448603.61
2015,83,259319.63,164448.82,423768.45
2015,84,253259.92,152928.83,406188.75
2015,85,240341.19,137980.79,378321.98
2015,86,218563.27,119337.33,337900.6
2015,87,193554.11,97944.63,291498.73
2015,88,171119.37,76587.33,247706.69
2015,89,153229.76,60227.91,213457.67
2015,90,130127.22,44952.69,175079.9
2016,65,513054.14,475567.19,988621.33
2016,66,505021.28,467240.85,972262.13
2016,67,474645.37,439491.54,914136.91
2016,68,429172.45,394899.13,824071.57
2016,69,409816.62,372281.7,782098.31
2016,70,332284.16,296035.42,628319.58
2016,71,376231.65,330750.11,706981.75
2016,72,430324.84,376911.51,807236.35
2016,73,424201.68,368224.02,792425.7
2016,74,461003.77,392301.08,853304.85
2016,75,516694.65,429113.79,945808.45
2016,76,521255.68,423060.86,944316.54
2016,77,492383.35,391782.35,884165.7
2016,78,450509.85,350320.53,800830.39
2016,79,418782.82,316013.68,734796.5
2016,80,393529.84,287604.7,681134.54
2016,81,359714.0,253996.56,613710.55
2016,82,299616.09,203718.93,503335.02
2016,83,254553.0,164917.66,419470.66
2016,84,243021.34,149641.01,392662.35
2016,85,234980.2,137448.13,372428.33
2016,86,220449.37,122457.64,342907.01
2016,87,197862.71,104368.29,302231.0
2016,88,172639.93,84269.51,256909.44
2016,89,150221.54,64670.37,214891.91
2016,90,131885.23,49838.31,181723.54
2017,65,517535.65,477780.75,995316.41
2017,66,508657.07,467364.36,976021.44
2017,67,500201.16,458801.98,959003.15
2017,68,469716.78,430991.08,900707.85
2017,69,424330.25,386653.99,810984.24
2017,70,404622.6,363761.72,768384.32
2017,71,327636.79,288685.33,616322.12
2017,72,370696.49,321974.65,692671.13
2017,73,423470.0,366265.84,789735.84
2017,74,416938.67,357130.17,774068.84
2017,75,452355.31,379421.97,831777.29
2017,76,506122.99,413616.48,919739.47
2017,77,509334.33,406348.83,915683.16
2017,78,479665.16,374621.83,854287.0
2017,79,437104.16,333209.17,770313.33
2017,80,404159.66,298882.33,703041.99
2017,81,377653.66,269869.5,647523.15
2017,82,342820.66,236298.17,579118.82
2017,83,283465.35,187749.86,471215.2
2017,84,238725.49,150352.66,389078.15
2017,85,225530.99,134557.66,360088.65
2017,86,215569.37,122036.68,337606.05
2017,87,199825.55,107056.29,306881.85
2017,88,176657.58,89748.78,266406.36
2017,89,151638.38,71140.02,222778.4
2017,90,129582.04,53438.42,183020.46
2018,65,519630.72,478408.38,998039.1
2018,66,512986.23,469507.54,982493.76
2018,67,503795.58,458868.57,962664.15
2018,68,495004.04,449948.5,944952.55
2018,69,464329.36,421996.36,886325.72
2018,70,418975.13,377959.62,796934.75
2018,71,399011.82,354772.48,753784.3
2018,72,322722.19,280913.24,603635.43
2018,73,364501.5,312714.67,677216.17
2018,74,416035.33,355055.0,771090.33
2018,75,408952.67,345270.5,754223.17
2018,76,442934.0,365760.17,808694.17
2018,77,494357.17,397232.5,891589.67
2018,78,496218.5,388750.5,884969.0
2018,79,465505.33,356553.83,822059.17
2018,80,422219.17,315269.17,737488.33
2018,81,388222.17,280777.67,668999.83
2018,82,360333.5,251428.67,611762.17
2018,83,324626.67,218125.5,542752.17
2018,84,266082.5,171503.67,437586.17
2018,85,221655.33,135380.5,357035.83
2018,86,206976.33,119558.0,326534.33
2018,87,195291.61,106867.72,302159.33
2018,88,178353.59,92238.87,270592.46
2018,89,154996.11,75787.58,230783.69
2018,90,130606.95,58746.44,189353.39
2019,65,523497.78,482992.85,1006490.63
2019,66,514842.4,470100.73,984943.14
2019,67,507981.67,460812.44,968794.12
2019,68,498573.17,450010.66,948583.83
2019,69,489358.67,440555.32,929914.0
2019,70,458420.59,412469.34,870889.93
2019,71,413212.07,368759.41,781971.48
2019,72,393065.78,345334.94,738400.73
2019,73,317277.25,272873.35,590150.6
2019,74,357896.33,302986.33,660882.67
2019,75,407877.0,343200.33,751077.33
2019,76,400328.5,332992.5,733321.0
2019,77,432721.5,351475.0,784196.5
2019,78,481653.67,380167.5,861821.17
2019,79,481763.0,370253.83,852016.83
2019,80,450083.83,337759.83,787843.67
2019,81,406164.33,296615.33,702779.67
2019,82,370988.17,262173.83,633162.0
2019,83,341803.83,232726.0,574529.83
2019,84,305260.0,199750.33,505010.33
2019,85,247825.0,155153.83,402978.83
2019,86,203927.33,120646.33,324573.67
2019,87,187725.83,104949.5,292675.33
2019,88,174660.61,92335.39,266996.0
2019,89,156773.09,78172.04,234945.13
2019,90,133781.78,62940.25,196722.03
2020,65,531970.55,495648.0,1027618.54
2020,66,518670.86,474538.76,993209.62
2020,67,509857.38,461347.81,971205.19
2020,68,502783.96,451776.97,954560.93
2020,69,492872.32,440416.07,933288.39
2020,70,483274.67,430516.17,913790.84
2020,71,452090.02,402427.02,854517.04
2020,72,407086.51,359052.15,766138.66
2020,73,386553.37,335499.09,722052.46
2020,74,311459.44,264299.67,575759.11
2020,75,350713.0,292705.5,643418.5
2020,76,399093.17,330719.67,729812.83
2020,77,391007.83,319901.5,710909.33
2020,78,421570.17,336443.5,758013.67
2020,79,467657.5,362184.0,829841.5
2020,80,465846.67,350804.5,816651.17
2020,81,433208.5,317894.67,751103.17
2020,82,388626.5,277278.67,665905.17
2020,83,352279.17,242910.17,595189.33
2020,84,321789.83,213314.67,535104.5
2020,85,284549.33,180788.5,465337.83
2020,86,228337.83,138568.5,366906.33
2020,87,185125.83,105961.67,291087.5
2020,88,168073.0,90664.17,258737.17
2020,89,153881.95,78098.72,231980.67
2020,90,135507.42,64843.71,200351.13
