Year,18,19,20,21,22,23,24,25,26,27,28,29,30,31,32,33,34,35,36,37,38,39,40,41,42,43,44,45,46,47,48,49,50,51,52,53,54,55,56,57,58,59,60,61,62,63,64,65,66,67,68,69,70,71,72,73,74,75,76,77,78,79,80,81,82,83,84,85,86,87,88,89,90,91,92,93,94,95,96,97,98,99,100
1956,599345.0,582976.1699999999,579836.6699999999,560865.5,494586.17,447221.34,457665.16,484996.34,501808.33,502586.0,500343.83,504198.0,530365.495,536376.16,529909.665,548356.99,583189.3200000001,611976.99,546306.82,393583.325,308728.835,319487.49,396744.64999999997,520556.99,592325.82,607915.82,602240.16,602843.485,624141.3099999999,628454.8099999999,618075.32,607393.6499999999,594011.15,581626.98,568743.8049999999,563059.7999999999,559510.97,540453.97,523625.47000000003,514221.47000000003,499403.805,485825.11999999994,472384.95999999996,450353.785,434580.12,414046.11,397159.445,381852.77,366388.78,351274.925,332697.58499999996,313063.255,292962.585,273847.905,250837.41000000003,231945.405,213446.72999999998,195595.73500000004,179768.05500000002,163106.88999999998,145030.38999999998,126489.39500000002,110627.60500000001,92194.665,75169.26999999999,60422.86,45034.08500000001,34474.125,28340.270000000004,21221.920000000006,15101.87,11279.015,7859.8,5189.655000000001,3481.03,2235.28,1327.9750000000001,849.24,467.08000000000004,246.01,141.46,59.230000000000004,25.395000000000003
1957,634337.5,596272.6699999999,577653.16,572141.5,551271.67,485776.5,440136.17,451180.5,478159.5,495534.5,496816.0,495035.33,499425.67,525671.17,532176.0,526069.6699999999,544933.3300000001,579650.0,608380.1599999999,543711.49,391788.5,307151.0,317832.0,394436.995,518026.32,589741.6599999999,605370.1599999999,599845.99,600263.99,621415.32,625698.8200000001,615122.49,604504.32,590990.15,578338.98,565400.31,559410.98,555621.98,536486.31,519383.81000000006,509671.635,494415.64,480503.30000000005,466452.63,443989.47000000003,427809.81000000006,406951.13499999995,389238.61999999994,373293.45999999996,357291.45499999996,341495.62,322178.95,301860.455,281275.26999999996,261360.76999999996,237942.76499999998,218439.43,199340.60000000003,181198.93,165067.77000000002,148499.59000000003,130695.59999999999,115384.18000000001,97451.97499999999,80046.55,64258.16499999999,50888.265,37103.52,27873.899999999998,22558.039999999997,16438.71,11567.170000000002,8419.66,5713.4400000000005,3693.47,2448.02,1491.6099999999997,863.31,529.74,279.41,157.34,74.13,28.125000000000004
1958,656949.83,634323.83,594268.5,573452.17,565727.34,544884.66,481121.83,436361.33,447263.67,474616.17,492574.83,494216.17,492818.5,497583.33,524202.5,531121.5,525368.34,544198.16,579186.5,607931.1699999999,543382.5,391638.5,307106.33,317806.5,394544.0,518226.495,589964.8200000001,605615.99,600194.49,600581.8200000001,621533.65,625608.3200000001,614821.32,604123.32,590242.49,577396.66,564320.49,558071.815,553899.14,534377.82,517013.98000000004,506889.64,491123.81000000006,476777.15,461915.47500000003,438814.30000000005,421956.80000000005,400935.14,382400.81000000006,365853.97000000003,349223.63499999995,332608.45999999996,312354.11999999994,291414.45999999996,270137.95499999996,249243.12000000002,225628.94999999998,205486.27999999997,186197.60999999996,167883.61999999997,151412.28499999997,134874.445,119147.32999999999,102194.91,85034.20999999999,68882.95999999999,54147.920000000006,41945.71000000001,30240.305000000004,22246.36,17612.179999999997,12681.52,8667.98,6125.48,4130.76,2585.8,1660.0100000000002,961.94,543.8199999999999,311.9100000000001,163.40999999999997,80.85,33.39
1959,634109.6699999999,656730.3300000001,634601.67,594495.83,573578.84,565622.0,544969.0,481397.17,436785.67,447649.0,475112.66,492792.17,494582.5,493030.33,497705.5,524458.34,531261.0,525435.16,544260.16,579089.99,607652.66,543027.33,391450.0,306887.67000000004,317545.66,394091.825,517555.16,588964.49,604468.15,598814.99,599055.8200000001,619800.15,623526.49,612672.31,601588.98,587618.15,574535.81,561248.15,554686.98,550036.31,530290.6499999999,512661.645,502021.13,485827.64,471034.14,455642.47000000003,432053.79,414676.79,392904.11999999994,373956.79,356602.61,339208.11,321876.78,300803.77,279381.1,257335.27500000002,236077.935,211933.10000000003,191727.10000000003,172006.93,153711.76,137370.93,122012.67,105375.7,89048.13,73237.1,58362.689999999995,45081.68,34358.13,24319.909999999996,17501.31,13559.309999999998,9596.824999999999,6384.129999999999,4430.129999999999,2903.2500000000005,1770.63,1076.69,609.77,333.48,200.07999999999998,90.41,43.88499999999999
1960,552734.33,634004.84,657253.6699999999,634940.3300000001,594721.33,573577.5,565775.5,544863.34,481637.66,436965.66,447705.66,475073.33,492939.0,494507.33,492943.0,497654.16,524340.16,531002.67,525054.84,543799.5,578509.0,606895.5,542363.17,390852.34,306411.5,317006.0,393302.83,516335.0,587366.0,602645.8300000001,596816.67,596954.83,617405.3300000001,620928.1699999999,609795.8300000001,598549.17,584245.0,570953.16,557414.16,550486.49,545426.49,525328.1599999999,507251.99,496110.49,479474.66,464181.32,448206.82,424131.49,406127.99,383648.16,363935.99,345933.66000000003,327886.16000000003,309680.66000000003,287877.825,265580.15,243269.65,221198.32,197107.97999999998,176394.82,156608.13999999998,138473.31,123142.48999999999,107369.47,91229.82,75958.925,61274.75,48041.009999999995,36426.979999999996,27012.280000000002,18725.890000000003,13180.975,9997.48,6886.66,4371.97,2952.63,1869.0900000000001,1112.97,661.6800000000001,357.27,192.98000000000002,99.41,44.83
1961,499813.66,549539.5,630905.995,650008.15,627065.16,588025.99,569519.995,563391.33,545608.49,481736.165,438036.825,447971.16,478461.82,494616.32,497107.14999999997,495611.49,500623.49,527486.15,531400.1599999999,527069.16,545707.66,580290.16,609618.65,541909.3099999999,391552.99,305971.31999999995,317035.81999999995,393410.485,515359.48000000004,586573.97,601514.97,594709.97,595923.7999999999,613945.13,618062.13,606499.29,595512.78,581327.28,566818.29,553350.27,546351.1000000001,540945.4400000001,521754.26,502153.27,490441.42000000004,473136.24000000005,457919.41000000003,441081.40499999997,416052.22,398064.885,374895.55,354087.7,337086.535,316015.865,297334.02,275208.505,252622.16999999998,229737.165,206940.67000000004,182866.82499999998,162360.655,142729.33000000002,125591.30000000002,109322.995,94086.815,78849.18999999999,64594.99,51338.83,39423.97,29282.975,21367.304999999997,14532.459999999997,10006.22,7414.080000000002,4993.61,3089.2650000000003,2057.27,1261.57,698.9550000000002,404.17999999999995,222.61,105.99000000000001,56.394999999999996
1962,497706.67,497803.67,547549.8300000001,624639.17,643476.5,621518.5,584865.8300000001,568114.5,565071.84,546554.66,483754.5,439094.825,452064.66,480827.32,497854.16,500315.82,499093.66,504278.99,528341.49,533773.15,529345.15,547843.32,583353.99,609377.825,542530.3099999999,391079.16,306114.49,317431.82,392951.66,514911.14,585628.3,599461.97,593720.47,592603.47,611106.4600000001,614782.4600000001,603462.9600000001,592640.1200000001,577117.9650000001,562686.78,549095.2800000001,541734.9400000001,537074.77,516460.605,496430.6,484147.42000000004,466781.59,450438.41000000003,432415.56499999994,407841.05999999994,388961.72000000003,364802.89,344905.045,324400.87,303138.02499999997,283972.515,261260.01499999998,238351.18,214548.345,191648.66999999998,168017.51499999998,147801.01499999998,129764.85500000001,111076.67500000002,95144.54500000001,80679.70499999999,66608.445,53496.09,41746.14,31454.63,22826.675,16318.38,10793.884999999998,7298.330000000002,5225.87,3373.4100000000008,2058.9100000000003,1330.9100000000003,783.7250000000001,430.12,239.17999999999995,121.76999999999998,58.470000000000006
1963,426597.16,500708.66,501085.83,550295.0,627320.16,645912.5,623570.0,586922.0,570173.34,566974.34,548506.5,485433.0,440719.5,453498.17,482111.83,498904.0,501256.0,499886.67,504934.5,528796.325,533963.49,529410.16,547722.99,583003.32,608776.15,541803.99,390574.99,305599.32,316748.16000000003,391970.83,513485.99,583759.33,597385.985,591419.3099999999,589891.98,608111.82,611499.31,599966.48,588782.475,572888.3099999999,558091.13,544120.1399999999,536216.135,531096.29,510078.61999999994,489553.62999999995,476613.62499999994,458548.62,441263.445,423028.78500000003,397713.27,377925.425,353171.76999999996,332429.92,311153.755,289450.255,269380.24500000005,245958.585,222591.24499999997,198727.74,175840.56999999998,152271.41499999998,133468.37000000002,114752.68500000001,97072.515,81825.895,68243.56999999999,55275.145,43630.325,33326.384999999995,24421.22,17486.949999999997,12141.325,7856.680000000001,5169.48,3603.85,2208.89,1321.0700000000002,853.75,490.04999999999995,245.62,138.01,62.755
1964,365954.6999999999,428269.67,502971.34,502682.0,550980.6699999999,628773.0,646288.99,624003.49,586744.5,570655.0,566324.49,547636.65,484319.99,439963.83,452764.66,481937.82,497805.16,500907.99,499509.16,504073.82,527991.99,531905.32,528358.99,546244.985,581488.98,607483.48,539413.82,388186.16,303303.16,314968.65499999997,389990.15,510830.30000000005,581285.1399999999,594641.135,588179.6300000001,586631.13,603982.7900000002,606846.29,595207.12,583813.285,568051.7700000001,552079.9400000001,538247.9299999999,529932.4249999999,524276.92,503074.41000000003,481331.235,468182.24,449068.89,432001.885,412262.205,386435.7,366518.52999999997,341266.18999999994,319055.5200000001,297926.515,274994.33999999997,253158.16,230759.32,206754.82499999998,183145.82499999998,160502.82499999998,139053.09000000003,119192.03499999999,101398.375,84603.06,70357.64,57643.00000000001,45958.945,35599.469999999994,26661.56,19236.930000000004,13435.524999999998,9148.085000000001,5774.464999999999,3734.5999999999995,2561.4900000000002,1545.21,866.3900000000001,566.57,316.38,142.12,72.68499999999999
1965,438946.03,368776.95,431435.84,505273.33,504271.33,553096.17,629811.0,647383.16,624215.33,587608.83,570319.5,565832.0,546846.1699999999,483894.67,439593.5,453054.83,481258.0,497866.67,500932.17,498920.67,503594.0,526279.3300000001,531078.33,527159.34,545033.34,580442.83,605038.33,536806.1699999999,385763.83,301590.84,313270.33,387751.5,508577.82,578617.16,591392.6599999999,584816.65,582410.65,599238.15,602106.32,590230.33,578808.32,561717.99,546031.49,531761.99,522838.6400000001,516882.13999999996,494322.32000000007,472496.31000000006,458298.81000000006,439177.64,420610.48000000004,400240.63,374425.47000000003,353600.14,327085.97000000003,304771.14,282273.97000000003,257782.95499999996,237204.3,213830.96000000002,189758.63,166564.63499999998,145197.485,123601.86000000002,104632.81,87787.66,72194.18000000001,58849.42499999999,47648.64000000001,37201.079999999994,28195.929999999993,20574.7,14461.420000000002,9853.18,6554.91,4105.13,2553.61,1678.65,969.05,551.5500000000001,333.74,163.39,75.90499999999999
1966,452251.97,444693.25,373742.0,435503.84,508906.84,507353.5,555796.0,632260.0,649277.83,626044.3300000001,589368.0,571835.3300000001,567292.84,548272.5,485066.16,440904.0,454246.83,482348.5,498797.17,501638.67,499520.17,504043.83,526575.16,531193.84,526985.5,544758.5,579819.83,603979.33,535745.66,384864.5,300819.84,312290.66,386397.32,506639.83,576186.15,588665.49,581704.99,579082.6599999999,595456.8150000001,597871.48,585656.81,573696.48,556278.48,539993.15,525169.82,515730.47500000003,509051.97000000003,485815.30000000005,463473.64,448365.80000000005,428545.61999999994,409192.95999999996,388011.95999999996,361409.11999999994,339852.61,312610.27999999997,289836.95,266593.61,241718.77999999997,220494.10999999996,196931.29,173318.10999999996,150381.59,129499.38999999998,108709.93,90679.05500000001,75071.4,60622.92999999999,48633.03,38471.41,29472.355,21861.57,15708.669999999998,10670.06,7140.15,4639.390000000001,2804.62,1695.44,1087.49,587.71,332.05999999999995,194.40999999999997,87.655
1967,488738.2,455282.29,447262.01,375059.68000000005,436259.0,508936.66,507144.34,555088.16,631403.1699999999,647978.17,624968.3300000001,588217.5,570707.84,566376.1699999999,547183.84,484361.67,440318.17,453614.33,481787.0,498191.33,500929.33,498813.5,503360.16,525694.0,530172.8300000001,525929.0,543602.8300000001,578326.84,602348.8300000001,534009.67,383539.67,299643.0,311055.66,384720.34,504327.0,573508.5,585502.67,578349.5,575315.67,591304.49,593118.49,580431.6599999999,568185.99,550234.32,533510.99,517987.81999999995,507839.99,500297.83,476532.32,453571.32,437785.66,417051.82,396898.49,374787.99,347653.48000000004,325080.31000000006,297336.14,273962.31,250161.48,225101.97999999998,203604.30999999997,179735.15,156832.49999999997,134274.38999999998,114151.18,94543.065,77707.87,63295.87999999999,50319.240000000005,39497.350000000006,30716.05,23093.999999999996,16785.38,11617.34,7794.389999999999,5096.32,3256.2199999999993,1901.62,1107.44,675.49,351.03999999999996,172.56,97.37499999999999
1968,510831.6,492777.16,458461.44,449238.61,376189.6,436810.5,508891.34,506766.5,554586.3300000001,630325.0,647101.16,624122.5,587411.84,569974.17,565580.0,546560.5,484022.5,439959.83,453236.83,481287.5,497723.83,500324.67,498183.16,502526.0,524750.3300000001,529051.0,524777.84,542254.34,576768.6699999999,600445.84,532231.5,382069.33,298414.32999999996,309547.82999999996,382771.84,501681.67,570315.66,581905.66,574506.67,571126.16,586501.83,587643.99,574874.3200000001,561971.3200000001,543435.49,526050.15,509866.49,498885.83,490337.66,466121.66,442411.64999999997,425329.82,403875.49,382572.32,359648.81000000006,331502.81000000006,308132.81,280087.65,256020.48,231856.13999999996,206771.97999999998,185020.30999999997,161898.49999999997,138911.28999999998,117124.84999999998,97907.98000000001,79804.70999999999,64479.34999999999,51525.19,40101.56,30795.49,23270.030000000002,17055.49,12049.879999999997,8059.5,5303.73,3321.16,2073.56,1168.96,640.44,368.99,185.38,88.12500000000001
1969,517849.97,520373.9,501833.87,465963.12,456241.28,381573.9499999999,441397.0,512896.66,510213.17,557677.5,632987.34,650079.34,626664.0,589889.16,572272.5,567740.5,548655.8300000001,485957.17,441718.0,454666.33,482449.67,498751.67,500949.17,498457.34,502562.84,524594.1699999999,528608.16,524127.83999999997,541238.1699999999,575486.5,598798.3300000001,530448.1699999999,380614.5,297157.0,308104.82999999996,380828.5,498986.16,566940.5,578307.67,570370.6699999999,566448.33,581314.5,582012.67,568454.8300000001,554967.1699999999,535920.5,517703.0,500689.67,488655.83,479090.33,454617.67,429695.33,411847.67,389329.83,366852.0,343309.5,314402.33,290226.84,261953.32999999996,237766.34000000003,213082.33,188296.84000000003,165121.08000000002,144116.0,121835.96000000002,101298.01,83208.65,66783.37,52841.350000000006,41498.86,31608.379999999997,23802.82,17564.04,12535.650000000001,8676.88,5627.5,3575.8900000000003,2218.32,1341.7199999999998,726.95,400.27,200.65000000000003,87.94500000000001
1970,520863.76,524610.73,524821.79,504169.12,467699.04,457561.03,381762.25,441849.67,511933.33,509019.83,557838.3300000001,633989.0,652585.34,629149.5,592568.34,575241.1699999999,569764.0,550528.0,487014.17,442691.84,455572.5,482523.0,498515.83,499984.5,496956.33,501641.33,522496.84,526748.335,522183.33,538487.83,572262.82,595053.15,527035.49,377697.14999999997,294943.495,306590.31999999995,377878.82,495392.99,562159.8200000001,573947.49,565091.825,561295.64,574685.8099999999,573810.32,559761.48,546725.975,526176.97,507948.47000000003,490201.97000000003,478219.13499999995,466647.96499999997,440893.95999999996,414431.3,396267.285,371854.45499999996,349624.78,323943.95,295616.105,271222.10500000004,243369.445,218593.945,193580.61000000002,167962.125,147045.635,126491.22999999998,105344.02000000002,86227.755,69800.56999999999,54986.29999999999,42634.29000000001,32774.47,24485.68,18004.28,12999.84,9058.8,6066.519999999999,3824.64,2344.56,1409.6599999999999,819.72,434.12,213.11,130.73
1971,522448.67,526716.77,528027.76,526548.3,505071.71,468680.11,457244.58,381926.93999999994,440821.83,510419.66,508934.5,558157.1699999999,636073.84,654594.3300000001,631384.5,594995.83,576723.16,571178.0,551014.17,487564.17,443283.17,455297.0,482196.0,497476.67,498436.33,495981.0,499588.84,520704.5,524746.66,519574.0,535536.83,568735.83,591478.49,523583.16000000003,375205.5,293481.82999999996,304151.0,375213.995,491057.64999999997,558086.16,568945.99,560210.6599999999,555337.3200000001,566896.65,565494.49,551916.48,537465.98,516933.14999999997,498222.48000000004,480498.31000000006,466364.14,453318.97000000003,426021.81000000006,399723.81000000006,379671.64,355385.97000000003,331046.97000000003,305569.63,277379.29,252704.13,224297.13,199337.78999999998,175208.0,149848.88,129476.07,109548.67,89970.13,72410.2,57683.18,44247.77,33822.74,25302.439999999995,18607.99,13328.100000000002,9321.82,6399.119999999999,4150.02,2567.6600000000003,1511.7200000000003,880.6500000000001,489.05999999999995,209.12,125.50000000000001
1972,530131.8300000001,531859.79,535787.5,535683.45,534073.0599999999,512196.6,474911.07,462688.87,386267.05,444747.34,513605.0,511795.5,560770.83,638314.0,656765.34,633332.5,596675.0,578368.34,572358.67,552015.6699999999,488413.84,444086.67,455916.83,482465.34,497558.0,498313.34,495715.83,499173.16,519873.99,523762.99,518331.16,533977.49,566849.99,589135.49,521356.1599999999,373423.33,291947.66000000003,302515.99,372959.49,487755.815,554066.3099999999,564430.81,555247.65,549854.645,560546.64,558235.97,544089.6350000001,528451.8,507535.79,488050.45999999996,469436.62,454138.29000000004,440031.445,411941.11,384811.94,363580.765,338403.77,313014.6,286987.255,258391.09,233514.09,205389.07999999996,181247.12500000003,156731.00500000003,132129.41000000003,112404.77,93868.88,75796.01000000001,60017.27000000001,46836.27,35350.85,26382.51,19274.055000000004,13777.779999999999,9685.064999999999,6547.299999999999,4371.93,2771.8399999999997,1670.81,927.05,518.3199999999999,238.56,138.71499999999997
1973,537943.45,540182.18,541873.39,543945.3099999999,543122.93,541287.5,518489.41,480088.35,467150.62,389776.86,447854.67,516105.83,514025.67,562703.16,640028.8300000001,658316.6699999999,634746.66,598027.34,579201.3300000001,572924.0,552506.1699999999,488812.0,444471.83,456004.33,482402.5,497208.17,497871.66,495076.5,498274.0,518826.33,522519.3300000001,516834.16,532195.1599999999,564556.99,586620.1599999999,518814.16,371505.16,290254.0,300700.84,370452.835,484178.49,549538.99,559447.33,549762.66,543795.83,553580.1499999999,550389.8099999999,535382.31,519125.98000000004,497460.31000000006,477200.14,457423.97500000003,441053.64,425599.30000000005,396883.14,368875.47000000003,346627.47000000003,320504.3,294587.12999999995,267849.7899999999,239362.13,214097.96000000002,187219.14,162262.87,138491.93,115247.18,96417.87,79280.48,62857.29000000001,48876.89000000001,37375.07,27686.979999999996,20149.99,14287.039999999997,10035.09,6874.889999999999,4477.3,2903.2700000000004,1768.0,1042.98,552.73,262.83,150.55999999999997
1974,543364.0900000001,545304.35,547087.34,547530.96,548395.99,547448.86,544963.48,521497.68999999994,482463.43,468875.31,391197.2,448774.33,516682.5,514667.5,563019.3300000001,640283.83,658520.84,634881.84,597900.1699999999,578943.67,572676.335,552117.33,488414.665,444082.32,455487.33,481711.16,496277.82,496827.33,493824.32,496975.99,517217.33,520759.83,515001.16,529919.1499999999,562019.8099999999,583747.48,515932.81000000006,369259.16,288472.81999999995,298680.82,367648.32000000007,480324.14,544758.1399999999,553749.9600000001,543795.6200000001,537276.8,545908.62,541772.6150000001,525986.6100000001,508955.27,486324.1,465104.58499999996,444495.26000000007,427022.575,410387.07499999995,380747.39999999997,351942.89499999996,328691.04999999993,301868.05999999994,275279.05,248487.88,219961.38,195393.53999999998,168198.24499999997,143977.80999999997,121177.05500000002,99114.48000000001,81639.19,65927.65000000001,51403.32,39049.759999999995,29331.960000000006,21228.229999999996,15080.76,10529.990000000002,7174.55,4730.530000000001,2998.1200000000003,1877.9100000000003,1116.17,632.31,288.56,157.29999999999998
1975,552913.11,545750.15,547274.91,547738.41,547687.92,547881.77,546763.8500000001,543694.93,520048.59,480612.23,466967.84,389358.33,446851.17,514917.17,512848.5,561195.5,638637.1699999999,656655.0,633086.84,596171.0,577278.3300000001,570971.1699999999,550485.1699999999,486880.34,442600.0,453910.14999999997,480065.49,494596.66,495094.99,492049.33,495021.32,515080.66,518529.16,512512.66,527195.65,559012.8099999999,580299.14,512687.64,366796.99,286358.16000000003,296295.33,364521.14499999996,475775.645,539197.8,547751.63,537069.47,529652.4600000001,537304.4550000001,531975.4500000001,515439.95000000007,497511.94,473941.77,451653.105,430009.76,411204.595,393204.905,362932.91000000003,333298.58,308911.735,281471.2299999999,254354.89999999997,227336.4,199655.94999999998,174749.00999999998,148451.38999999998,125178.47,103618.385,83572.33,67580.71999999999,53594.36000000001,40718.89000000001,30387.68,22303.56,15756.019999999997,10912.720000000001,7397.12,4939.870000000001,3153.0099999999998,1943.2599999999998,1166.41,679.8399999999999,292.80999999999995,165.385
1976,560960.23,554175.62,546954.41,547154.3,547032.79,546345.2999999999,545991.2000000001,544446.83,541251.95,517139.95,477858.09,463989.14,386730.08,444463.0,512561.17,510534.67,559169.0,636439.66,654468.84,631075.0,594197.66,575420.1699999999,569123.8300000001,548695.1699999999,485058.0,440864.84,452200.5,478351.165,492724.99,493228.66,489986.66,492925.82,512791.14999999997,516054.49,509923.49,524426.82,555810.6599999999,576758.99,509349.15499999997,364178.14999999997,284062.82,293706.66000000003,361150.33,471050.64,533426.475,541080.63,529853.7999999999,521612.47000000003,528010.13,521773.62000000005,504331.45,485331.29000000004,461016.78,437534.78,414787.61,394720.095,375405.6,344595.93,314488.265,289009.58,261379.92,233967.74999999997,207915.86,179630.62,155108.69,130202.58000000003,108006.49,87779.6,69377.54000000001,55203.950000000004,42683.29,31942.984999999993,23244.63,16723.02,11392.14,7715.6900000000005,5162.9400000000005,3331.5099999999998,2109.17,1243.6,713.0799999999999,304.6700000000001,172.44
1977,583414.71,563171.39,556657.96,548244.1,547961.19,547111.86,545945.1699999999,545027.24,543028.26,539631.28,515600.05,476076.63,462000.58,385056.12,442876.16,510970.83,509294.67,557760.5,635098.0,653161.17,629871.0,593032.5,574171.0,567892.83,547401.49,483765.14999999997,439599.16,450902.64999999997,476916.99,491222.32,491554.14999999997,488200.99,490997.32,510549.83,513618.64999999997,507478.16,521712.6549999999,552768.1499999999,573302.31,505908.81000000006,361560.985,281840.66,291298.66,357790.48000000004,466274.97000000003,527440.6399999999,534393.9600000001,522280.13000000006,513222.12499999994,518548.45000000007,511530.615,492946.1,472956.26,447264.76,423123.1,399381.59,378112.91500000004,357481.74000000005,326400.08,295466.39999999997,269675.56999999995,241819.57,215742.4,188410.0,160772.25999999998,137065.85,113278.57,92540.5,74167.79,57623.26,44738.01,33937.020000000004,24776.410000000003,17730.899999999998,12334.469999999998,8409.439999999999,5477.84,3537.4200000000005,2244.6700000000005,1406.83,790.5999999999999,338.5799999999999,209.63999999999993
1978,605321.18,586432.39,566283.52,558552.01,549900.84,549049.36,547766.12,545952.62,544469.52,542418.75,538922.88,514649.0,475035.98,460912.24,384073.82,441960.67,510289.34,508538.83,557287.0,634417.0,652551.1699999999,629089.0,592356.5,573416.67,567167.84,546394.0,482751.5,438687.34,449959.17,475571.5,489732.16,489891.17,486527.66,489168.33,508397.17,511341.82,504955.32,518978.32,549570.99,569454.66,502252.32,358756.32,279466.99,288588.14999999997,354153.32,461039.49,520918.985,526864.98,514136.48000000004,504195.15,508488.31000000006,499858.82000000007,480184.80000000005,459023.30000000005,432597.30000000005,407414.97000000003,382538.63499999995,359884.29,338329.79999999993,306685.79,275479.29,249080.95999999996,221866.10000000003,194956.65000000002,168182.75,141623.68,119012.09999999999,96860.17,77893.62,61270.399999999994,46630.88,35412.969999999994,26314.649999999994,18755.219999999998,13019.55,8989.789999999999,5803.265000000001,3734.66,2316.59,1493.8400000000001,887.5,393.76,233.855
1979,624686.22,609150.99,589996.25,568603.0700000001,560493.1,551877.72,550513.76,548577.34,546385.45,544593.86,542236.19,538707.29,514494.03,474789.65,460516.8,383909.5,441889.5,510245.5,508544.0,557237.33,634295.67,652248.84,628907.66,592082.17,573060.84,566510.66,545592.6699999999,482039.84,437926.0,449037.83,474478.67,488444.67,488404.33,484794.0,487315.5,506223.5,508888.17,502436.0,516067.16,546080.5,565501.66,498425.495,355822.17,276869.0,285637.66,350401.0,455394.49,513688.66,518792.49,505304.49,494320.83,497136.32,487534.14999999997,466657.66,444313.485,417012.64,390477.64,364658.65,341053.98000000004,318377.15,286689.31,255102.31000000003,228488.22999999998,201221.55999999997,174702.27999999997,148824.03999999998,123687.29999999999,102408.23000000001,81974.135,64623.759999999995,49894.72,37254.03,27803.960000000003,20086.469999999998,13920.205,9566.56,6407.950000000001,4054.1000000000004,2477.5,1492.08,949.1700000000001,448.15999999999997,243.78499999999997
1980,638029.76,629329.45,613816.52,593263.2,571215.9,563185.44,554135.7,552357.9,550004.39,547333.94,545265.75,542693.6900000001,539373.1799999999,514900.97,475067.95,460746.91,384300.26,442351.66,510598.16,508982.17,557597.83,634443.5,652394.49,628957.6599999999,592017.49,572783.32,566089.1599999999,545000.1599999999,481468.49,437299.66,448172.16,473445.66,487234.16,486877.16,483112.99,485288.32,503986.32,506393.825,499660.14,512975.98000000004,542428.82,561319.64,494193.47500000003,352463.81000000006,274063.985,282619.6500000001,346073.48000000004,449248.13499999995,506112.11999999994,510070.62499999994,495651.78,483752.615,484940.94,473959.77,451973.925,428545.76000000007,400273.09,372732.41000000003,345638.065,320964.89999999997,297716.07,265694.24,233697.36,207527.19999999998,180523.53,154710.09,129768.51500000001,106360.45999999999,86623.39,68031.50000000001,52608.80999999999,39836.94,29209.28,21218.559999999998,14956.909999999998,10205.16,6799.524999999998,4481.43,2744.7500000000005,1621.985,975.4200000000001,486.01,282.18999999999994
1981,654440.4199999999,642050.38,633752.36,616694.46,595477.61,573408.78,564990.35,555859.46,553780.26,550875.94,547993.36,545670.78,543311.99,539636.35,515175.27,475213.06,461022.71,384540.02,442494.33,510864.33,509245.17,557665.5,634595.16,652499.3300000001,628773.66,591856.16,572386.5,565512.5,544168.0,480864.5,436649.83,447144.33,472396.0,485869.33,485136.66,481306.5,483202.32,501587.32,503684.33,496637.32,509589.14999999997,538589.1599999999,556830.66,489766.16,348904.49,271012.81999999995,279190.99,341428.82999999996,442564.825,497652.81000000006,500542.48000000004,485092.31000000006,472268.32000000007,471800.80000000005,459236.80000000005,435872.47000000003,411416.97000000003,382104.95999999996,353478.29,325619.45999999996,300263.61999999994,275882.2899999999,243193.44999999995,212386.94,186544.12,160232.61000000004,135123.83000000002,111648.93000000001,89987.23,72074.84,55526.455,42022.1,31194.909999999996,22254.429999999997,15698.869999999999,10827.39,7187.139999999999,4721.030000000001,3062.4300000000003,1841.92,1077.3300000000002,510.25,316.55499999999995
1982,665128.76,656694.1900000001,644265.5,634627.15,617247.0700000001,596072.8200000001,573714.66,565257.1,556033.62,553575.4299999999,550529.1599999999,547603.19,545274.75,542688.53,538931.01,514522.38,474549.1999999999,460264.34,383949.85,442042.16,510339.5,508641.66,557211.6699999999,634042.1699999999,651648.6699999999,628067.84,591018.5,571504.84,564344.67,543065.5,479791.83,435443.67,445893.34,470857.16,484074.32,483211.33,479054.99,480859.32,498769.16,500548.32,493454.99,505966.14999999997,534414.99,551869.14,484738.15,345058.15,267659.66,275377.64999999997,336422.81499999994,435235.145,488556.80000000005,490066.80000000005,473834.81000000006,459805.29,457664.62999999995,443354.62,418967.61,393064.945,362885.94,333456.77999999997,305052.94,278793.94,254339.15000000002,221243.485,191007.49,165770.17,140252.83000000002,116666.55000000002,94990.5,75302.975,58981.759999999995,44548.55,33103.03999999999,24041.710000000003,16735.05,11479.84,7751.199999999999,4996.960000000001,3254.5200000000004,2034.9299999999998,1211.75,565.3199999999999,343.2099999999999
1983,655437.25,665938.9500000001,657482.79,643952.51,634174.02,616588.15,595380.61,573056.19,564455.74,555025.71,552501.52,549387.98,546388.04,543947.7000000001,541286.0900000001,537514.95,512944.5,473059.79,458858.5,382798.93000000005,440843.0,509093.33,507476.84,556012.1699999999,632691.5,650206.6699999999,626659.0,589553.16,570056.5,562732.6699999999,541458.0,478150.33,433762.83,444133.83,468984.66,481863.5,480825.0,476639.0,478069.0,495785.16,497315.66,489827.5,501782.16,529694.8250000001,546405.33,479468.49,340839.0,264011.0,271311.0,330900.325,427443.32,478727.33,478926.32,461531.32,446241.49,442319.485,426542.65,400759.48000000004,373969.48000000004,342686.82,312837.1500000001,283672.1500000001,257331.26000000004,231870.27999999997,199639.27999999997,169995.77999999997,145551.46999999997,121671.45999999999,99542.01999999999,79714.63999999998,61948.609999999986,47633.75,35223.03,25526.030000000002,18148.179999999997,12197.559999999998,8139.84,5334.71,3384.3,2163.35,1284.9299999999998,660.9200000000001,335.37
1984,643387.19,655931.45,666726.02,657382.36,643552.99,633727.01,616003.63,594803.84,572387.99,563450.71,553875.37,551103.7,547841.76,544528.2,541973.48,539114.73,534866.1900000001,510352.64,470400.78,456343.26,380732.25,438642.5,507145.0,505501.16,553971.1699999999,630664.17,647962.5,624491.34,587510.84,568007.6699999999,560604.0,539355.5,476066.66,431766.0,442061.5,466639.67,479470.84,478332.17,473767.67,475121.0,492390.33,493717.83,485798.0,497423.0,524477.66,540536.1699999999,473711.5,336368.33999999997,260179.82999999996,266984.17000000004,325040.0,418875.5,468220.33,466969.0,448654.67,431990.5,426126.17,408746.5,382287.33,354254.17,322453.5,291861.17,262450.41,235602.26,210094.94,178626.29,150169.45,126799.79000000001,104386.46,84041.52,66087.14,50561.79,38082.4,27632.03,19515.36,13480.849999999999,8953.89,5792.18,3706.87,2330.13,1425.85,812.9300000000001,398.3150000000001
1985,627870.4,644853.72,657875.81,667720.7799999999,658123.3,644375.98,634254.18,616436.04,595144.9,572294.39,563272.7000000001,553417.02,550385.72,546799.77,543292.67,540477.97,537303.63,532970.94,508144.37,468372.01,454519.55,378978.18,437047.0,505466.33,503822.83,552361.5,628756.67,646058.33,622519.5,585651.84,566061.8300000001,558647.0,537272.5,474045.0,429842.66,439997.83,464351.66,476961.66,475685.64999999997,470955.16,471925.16,488811.16,489627.66,481441.33,492748.82,518975.1599999999,534226.49,467573.99,331593.66,255978.33000000005,262370.32,318605.31999999995,409733.64,456764.82000000007,453992.80000000005,434468.47000000003,416508.97000000003,408708.46499999997,390015.45999999996,362280.95999999996,333482.45999999996,300877.45999999996,269191.70999999996,240195.165,213215.505,187723.19,157629.2,130398.2,108361.21999999999,87604.23,69414.62,53732.75,40190.409999999996,29483.04,20874.01,14470.34,9754.5,6275.369999999999,3930.0,2464.04,1516.96,923.1799999999998,498.275
1986,607045.23,630880.55,648432.46,660415.89,670268.94,660439.72,646380.99,636018.1799999999,618066.4400000001,596476.03,573486.8400000001,564429.7,554286.99,550959.8099999999,547320.17,543456.18,540656.22,537281.0499999999,532712.34,507820.65,468124.99,454214.16,378645.53,436586.34,504915.33,503218.83,551579.0,627740.0,644911.5,621324.1699999999,584336.5,564663.6699999999,557065.6699999999,535691.67,472380.5,428216.33,438134.17,462159.84,474521.84,473150.67,468001.0,468768.67,485010.16,485512.0,477125.83,487686.34,513179.33,527374.33,460906.66,326524.83,251538.5,257100.15999999997,311608.83,399678.67,444144.5,439998.17,419325.5,400059.33,390400.0,369941.0,341479.0,311733.5,278963.11,246746.70999999996,217678.5,191192.84,166142.86,137260.37,111869.37,91489.56,72542.06,56333.95999999999,42638.08,31219.9,22605.04,15478.009999999998,10410.51,6869.0,4324.87,2631.84,1612.87,960.3000000000002,535.85
1987,579985.43,612132.62,636028.46,651017.87,661463.44,670388.09,660340.37,647352.27,636207.14,617846.54,596482.53,573789.37,565389.11,555018.65,551233.57,544053.8300000001,542666.64,540633.63,538548.88,535228.98,511454.88,470689.54,456799.73,379876.13,436603.16,505080.67,503310.34,551449.5,627578.5,643228.66,620086.8300000001,583401.67,563715.1699999999,555721.66,533591.16,471030.5,426689.17,435897.34,459686.17,471351.17,470169.0,465163.17,465864.67,481641.5,481034.0,472803.16,482813.0,507400.33,521128.0,453694.83,320048.17,246008.83,251313.15999999997,303884.34,388471.16,431405.16,425324.67,403191.17,382332.83,370682.5,349101.5,320156.67,291145.79,257072.45,225051.54,196344.33,170102.0,145869.19,118749.85999999999,95145.53,76462.89,59714.229999999996,45501.45,33774.75,24184.9,16989.04,11338.18,7470.84,4970.33,2970.37,1759.8400000000001,1045.6999999999998,567.02
1988,536778.3200000001,586688.9199999999,618773.26,640316.8099999999,653721.73,663704.9199999999,672365.58,663137.11,649453.98,637724.09,619553.54,598665.91,576495.37,567943.43,556952.84,549754.69,544868.53,544124.26,543013.9400000001,541979.71,539456.11,514757.8000000001,473776.1,458736.21,380334.71,437232.83,505569.5,503588.83,551857.17,626386.1699999999,642381.0,619591.83,582852.6699999999,562790.34,554001.6699999999,532375.8300000001,469629.0,424848.5,433930.83,457108.5,468846.0,467712.33,462568.16,462970.84,477505.33,477178.665,468577.14999999997,477921.64999999997,501958.99,513193.32,445141.99,313487.16000000003,240414.835,245070.49000000002,295246.49,377358.32,417120.66,409488.65,385738.65,363462.81000000006,350300.65,327919.98000000004,299569.79000000004,268694.42000000004,234850.74,203294.65999999997,175046.78999999998,149814.3,126576.15,101324.83000000002,79786.32999999999,63087.53,48234.04000000001,36181.270000000004,26284.070000000003,18330.55,12614.195000000002,8133.68,5295.67,3417.67,2012.87,1115.6699999999998,605.115
1989,509367.4499999999,545187.35,595751.27,627155.49,648218.43,661798.16,671605.8999999999,679719.1599999999,670490.35,656251.8200000001,644025.16,625846.71,604768.64,582066.88,573170.85,561617.56,554225.93,548792.72,547422.61,546038.15,544544.68,541723.98,516766.41,475236.19000000006,459731.26,381101.89,437892.17,506133.17,504203.5,552191.17,626549.1699999999,642368.34,619449.8300000001,582625.66,562414.16,553174.16,531420.84,468627.84,423754.83,432774.5,455377.83,466953.84,465362.84,459793.83,459797.67,473824.83,473031.0,463811.17,472484.16,495108.34,505178.67,437403.5,307276.5,234956.33,238794.5,287113.84,365498.34,402655.34,392873.0,368344.16,344625.66000000003,329695.67,307861.45,276808.63,246134.07999999996,212413.4,181516.83,154091.12,129899.63,107933.98,85040.49,65720.33,50773.86,38106.87,27910.259999999995,19775.74,13504.55,8986.53,5684.01,3670.17,2295.0,1293.04,660.0149999999999
1990,476419.55,518954.37,555086.95,604513.15,635339.33,656246.64,669540.15,678932.94,687103.35,677152.68,662637.54,649969.8,631880.53,610401.83,587484.43,578172.87,566400.36,558828.56,552582.99,550751.64,549435.19,547020.36,544651.18,518478.49,475933.41,461649.91,381331.18,438960.17,507156.33,504799.33,553042.17,626958.33,642772.16,619627.66,582905.32,562151.99,552743.49,530659.32,467534.49,422852.99,431663.99,454002.32,465081.32,462986.32,457006.66,456547.32,469924.98000000004,468519.81000000006,458591.15,466438.98000000004,487786.30500000005,496565.47000000003,429045.64,300226.31000000006,229121.97999999998,232402.80999999997,278410.47500000003,352968.29,386815.78,375265.445,349430.61,324607.27,309395.595,284489.31,253299.82,222718.78000000003,189649.76,159677.865,133487.5,110689.01000000001,90198.69,69664.56,52599.40999999999,39731.62,29110.64,20751.39,14397.02,9510.36,6152.34,3847.82,2455.0,1538.83,753.3299999999999
1991,420273.68,485432.12,528403.21,563008.22,611868.13,642254.88,662564.69,675281.72,684580.47,692222.88,682353.05,667354.35,654749.11,636583.26,614706.89,591623.12,581941.62,570084.56,562177.03,555389.05,553307.42,551962.7,549096.02,546461.05,519819.3,477187.48,462127.38,382356.54,439147.67,507058.83,505176.67,552964.5,627032.33,642465.83,619505.83,582395.67,561445.17,551811.67,529170.83,466536.83,421644.83,430307.83,451904.67,462736.0,460117.5,453799.17,452864.0,465568.5,463229.67,453143.17,459855.67,479780.17,487378.5,419328.33,293788.0,223035.67,225303.5,269180.0,339355.83,370331.33,357060.83,329994.33,304587.46,287020.25,260968.65000000002,229884.49,199604.95,167653.27,139000.2,114493.16,93180.35,74497.53,56448.899999999994,41690.74,30863.46,22038.48,15292.05,10284.53,6627.529999999999,4210.68,2548.99,1578.83,880.6700000000001
1992,402764.08,429831.28,496220.46,537947.76,571756.46,620146.54,649988.84,669343.68,681649.13,690634.81,698041.26,687879.99,672661.29,659798.03,641416.25,619284.99,595660.32,585689.36,573598.33,565519.4,558312.04,555882.87,554274.43,551050.98,548299.83,521280.9,478120.13,463111.5,382310.75,438989.67,506837.5,504668.17,552651.67,626525.5,641978.33,618688.67,581562.83,560411.0,550325.33,527758.83,464769.5,419857.5,428014.33,449312.83,459819.83,456904.33,450167.5,448754.33,460568.0,457828.67,446946.83,452475.33,471113.33,477073.0,410283.83,286277.67,216438.83,217834.5,259006.33000000002,325246.0,352981.83,338362.33,310457.07,283464.96,264582.09,237973.31,207166.32,177467.11,147005.1,119832.70000000001,96970.83,77644.85,60760.53,44920.56,32613.08,23502.12,16427.15,11083.22,7294.030000000001,4631.53,2845.51,1658.33,944.3299999999999
1993,398050.7,412150.15,439814.86,505444.5,546470.99,579674.59,627390.54,656358.15,675207.58,687307.92,695862.32,703185.55,692811.01,677315.28,664365.85,645642.54,623346.07,599450.56,589155.88,576795.12,568575.95,560943.96,558257.94,556141.85,552812.85,549726.33,522328.93,478871.16,463516.01,382409.44,438663.17,506230.33,504053.17,551966.67,625630.33,641135.33,617667.33,580542.0,559146.5,548705.67,525861.0,462734.83,417675.0,425475.17,446435.33,456564.17,453288.17,446211.0,444182.83,455206.83,451744.33,440098.83,444712.17,461466.33,465950.83,399308.67,277987.33,209313.0,209647.83,248258.5,309993.33,334669.0,318382.02,289217.07,261485.13,241484.75,214761.15,184443.32,155749.95,126696.1,101513.7,80934.33,63104.009999999995,48240.53,34930.56,24860.74,17413.62,11853.65,7761.389999999999,4997.53,3068.3600000000006,1800.1799999999998,975.6600000000001
1994,400366.82,405635.38,420111.84,446783.23,511734.31,552144.63,584305.72,631039.41,659782.85,678463.26,690426.44,698787.09,706021.26,695590.21,680091.65,667025.69,648406.92,626114.35,601926.39,591363.22,579003.78,570670.38,562733.28,559552.98,557281.58,553798.49,550250.25,522720.54,478952.78,463266.87,381949.17,437822.33,505040.5,502802.33,550766.83,624407.5,639581.67,616371.33,579213.0,557575.0,546761.33,523498.67000000004,460095.83,415023.67,422586.83,443227.0,452979.83,449287.0,441784.17,439063.5,449348.33,444931.83,432585.67,436080.67,451100.5,454115.33,387929.67,269286.17,201725.0,201154.33,236947.83,294096.5,315532.86,297197.68,267416.74,239215.63,218558.42,191430.81,162072.82,135026.95,107724.93,84901.37,66003.33,50468.35,37824.2,26763.9,18458.74,12704.79,8344.65,5275.39,3370.7,1992.5300000000002,1100.68
1995,411301.34,407599.34,413543.64,427131.76,452855.93,517322.18,556586.35,587619.69,634024.44,662347.5,680883.99,692609.57,700839.97,708066.85,697810.48,682292.95,669169.26,650584.19,628259.85,603904.61,593236.55,580647.23,572244.42,563903.56,560370.09,558126.98,554295.61,550542.83,522784.04,478736.96,462766.85,381312.03,436760.33,503434.5,501402.67,549323.67,622767.67,637980.67,614662.17,577511.33,555662.83,544364.33,520541.0,457025.0,412087.83,419387.83,439650.0,448908.5,444660.17,436698.67,433465.5,442616.83,437371.5,424545.83,426716.83,439938.17,441128.67,375494.17,259674.5,193701.17,192005.67,224997.67,277261.47,295023.19,275446.02,245365.57,217072.3,195375.92,168855.81,140777.16,115150.45000000001,90246.27,69596.54,53088.5,39570.85,28965.699999999997,19910.23,13394.41,8884.79,5725.98,3543.55,2179.86,1204.69
1996,420202.02,418582.62,415454.86,420599.83,433449.48,458594.73,522212.21,560294.36,590707.41,636576.16,664560.1,682955.07,694427.83,702627.84,709989.82,699776.19,684186.52,670897.55,652245.36,629912.64,605438.4,594416.22,581840.65,573319.27,564617.91,560960.27,558537.69,554422.4,550510.55,522587.87,478196.26,462102.77,380483.46,435465.5,501845.33,499714.33,547618.33,620840.83,635867.83,612515.33,575414.83,553219.67,541379.5,517009.17,453697.67,408734.33,415742.33,435312.67,444094.67,439481.17,430929.5,426826.17,435278.33,429216.67,415354.5,416178.0,427501.83,427134.33,362275.5,249363.33,184827.67,182286.33,211954.55,258959.64,273503.69,253102.84999999998,222694.41,194261.8,172491.75,146408.81,120189.48999999999,96338.28,73822.43,55670.54000000001,41457.33,30192.85,21446.2,14377.400000000001,9333.74,6100.959999999999,3878.8100000000004,2316.89,1303.8599999999997
1997,421607.37,426549.34,425303.54,421330.11,425949.74,437994.6,462181.59,524700.19,562038.24,592010.41,637299.19,665151.37,683284.08,694821.86,703095.07,710427.98,700273.1,684658.78,671327.03,652753.87,630301.38,605756.45,594698.38,582078.16,573445.88,564443.54,560659.78,558235.99,553919.39,549795.25,521715.11,477211.82,460912.61,379240.54,433750.83,499765.83,497588.33,545469.0,618260.5,633092.67,609893.17,572715.5,549936.33,537752.67,513135.67,449759.5,404901.67,411548.33,430534.83,438913.83,433787.33,424460.5,419769.5,427132.0,420079.33,405733.67,405029.5,414641.83,412604.0,348236.83,238694.67,175832.67,171947.67,198786.71,240830.47,251947.86,230723.68,200663.41,172967.63,150905.25,126021.98000000001,101358.32,79664.11,59857.42999999999,44034.54,31920.83,22760.51,15653.2,10226.56,6433.74,4147.46,2570.31,1410.3900000000003
1998,439120.94,427024.88,432537.18,430407.61,425886.58,429619.13,440875.18,463931.51,525347.38,562509.92,591776.99,636657.75,664094.45,682354.95,693907.35,702151.14,709432.91,699473.36,683942.79,670693.4,652087.36,629741.63,605212.78,593965.51,581504.25,572607.49,563663.27,559750.77,557299.11,552879.46,548583.09,520440.65,475786.27,459319.08,377688.44,431876.17,497466.5,495289.33,542892.5,615296.5,630034.0,606785.0,569201.17,546320.0,533764.83,508778.5,445524.83,400767.0,406902.67,425304.5,432990.0,427422.33,417559.0,412045.17,418190.83,410465.5,395125.83,393178.5,400860.33,397246.67,333227.33,227424.5,166083.29,161405.67,185138.55,221987.31,230220.52,208099.02,178537.07,151520.96,130012.59,106586.65,84077.82,64644.61,47472.27,33988.04,24096.16,16645.85,11229.53,7089.0599999999995,4347.41,2681.79,1562.98
1999,451991.87,444862.41,433609.69,438292.76,435814.35,430420.68,433503.42,443723.27,465653.42,526719.91,563167.98,591948.68,636300.64,663860.99,681617.4,693172.97,701394.24,709027.67,698943.72,683569.08,670225.39,651699.97,629396.25,604699.08,593490.44,580791.38,572039.47,562964.29,558932.88,556448.45,551897.37,547441.11,519266.61,474428.75,457817.88,376186.48,429963.83,495194.0,492943.0,540301.83,612413.5,626897.67,603287.5,565707.83,542696.17,529687.5,504454.17,441174.5,396452.17,402152.17,419736.33,426903.33,420679.17,410167.17,403750.17,408780.83,400253.83,384014.0,380548.0,386399.83,380725.83,317696.17,215328.16,155821.62,150325.5,170949.05,202728.31,207898.19,185480.18,156736.41,130614.29000000001,110099.42,88415.48,68214.16,51295.61,36712.43,25529.869999999995,17586.5,11763.68,7737.030000000001,4764.23,2832.24,1689.62
2000,450030.25,458352.31,452303.54,440048.42,444900.07,441537.75,435364.98,437359.59,446561.59,467994.04,528359.1,564307.87,592660.86,636746.87,663886.04,681574.54,693202.28,701546.69,709126.13,699050.04,683600.1,670315.78,651895.24,629471.37,604682.15,593279.85,580537.43,571752.69,562512.19,558309.32,555722.56,551045.63,546530.06,518074.26,473167.69,456392.69,374761.77,428202.83,492959.17,490553.165,537702.49,609488.32,623402.66,599699.82,562103.32,538948.16,525419.16,499916.32,436627.99,391950.66,397174.16,414020.16,420341.49,413642.81000000006,402302.48000000004,395135.98000000004,399142.31000000006,389332.98000000004,372133.64,367285.30000000005,371194.63499999995,363419.12999999995,300841.14999999997,202819.935,145542.91999999998,139045.625,156419.32,183500.225,186049.91999999998,163391.58,135783.8,110973.375,91885.49999999999,72229.56999999999,54262.43000000001,40008.72,27875.22,18873.0,12688.810000000001,8220.32,5176.51,3131.7199999999993,1810.7399999999998
2001,447357.51,457023.57,466466.48,459625.51,447524.99,451904.34,447516.27,440024.71,440979.52,449826.12,470397.22,530341.08,565830.41,593601.7,637485.32,664468.31,682136.07,693622.52,701914.97,709316.01,699261.24,683889.47,670688.07,652110.97,629738.68,604772.72,593183.55,580393.64,571543.38,562073.18,557717.04,555060.67,550210.72,545458.84,516952.55,471898.96,454886.5,373352.19,426303.17,490632.665,488128.82,535093.99,606188.82,619671.66,595940.49,558472.99,534854.99,520978.6599999999,495034.66,431882.16,387243.99,391776.66,407747.49,413479.985,405967.31000000006,393977.98000000004,385914.65,388637.81000000006,377693.30000000005,359649.14,353290.30000000005,354768.45999999996,344308.85,283814.07999999996,189852.375,134949.03999999998,127782.23000000001,141951.92,164374.80500000002,164472.65999999997,142333.97999999998,116145.715,93085.96,75044.76,57817.01000000001,42510.87,30527.35,20724.18,13592.98,8855.449999999999,5577.8099999999995,3431.51,2009.2199999999998
2002,437548.97,454838.3,465288.4,474225.04,467286.41,454735.28,458179.91,452417.0,443891.85,444496.75,452659.95,472839.17,532316.4,567230.82,594660.6,638345.38,665151.91,682714.0,694021.45,702290.43,709732.45,699621.75,684311.84,671027.63,652335.06,629759.21,604707.61,592986.1,580196.01,571183.1,561599.16,556963.96,554237.59,549182.63,544272.14,515718.37,470500.23,453271.74,371810.25,424259.5,488128.83,485639.5,532047.0,602592.17,615821.17,591997.0,554440.0,530456.83,516003.67,489772.17,426586.67,382026.5,386054.83,400840.5,405892.0,397590.0,384784.17,375640.0,377096.5,365118.5,345962.67,338002.67,336235.05,324466.84,265528.25,176090.21,123705.70000000001,115860.06,127136.42000000001,144922.47,142789.66,121282.48000000001,96847.39,75872.13,59940.759999999995,45000.17,32214.54,22421.18,14678.68,9370.64,5916.119999999999,3607.6400000000003,2157.84
2003,440177.745,444084.37,462079.49,472037.235,480664.645,473287.72,459934.935,462189.79,455321.70999999996,446563.77999999997,446793.66,454542.18,474225.06,533135.26,567898.1799999999,594976.09,638468.32,665132.79,682490.0499999999,693994.66,702120.485,709525.2,699520.01,684262.1699999999,670794.9550000001,651982.0000000001,629435.43,604279.5000000001,592442.7300000001,579588.3400000001,570530.5750000001,560736.56,555968.0399999999,553124.58,547868.21,542919.1099999999,514241.94000000006,468880.765,451481.80000000005,370050.16000000003,422000.89999999997,485465.055,482629.22500000003,528793.6849999999,598643.165,611641.1449999999,587744.465,549920.6249999999,525654.605,510717.755,483996.735,420950.76,376337.89999999997,379564.54,393458.65499999997,397477.95,388401.73999999993,374511.03500000003,365047.995,364638.92000000004,351311.99999999994,331096.3,320420.15,316869.955,303447.41,245685.755,161547.145,111899.435,103463.57999999999,111800.915,125221.97500000002,121378.29,100900.69999999998,78542.615,60157.26000000001,46426.27,33882.065,23547.149999999998,15761.990000000002,10057.88,6182.150000000001,3803.235,2216.835
2004,445461.65,445845.705,450626.515,467985.005,477682.705,486064.09,477764.945,463363.57,464536.87,457443.11,448410.815,448292.275,455646.54,474773.85,533494.19,567862.87,594843.41,638112.34,664362.1,682031.36,693510.21,701645.82,709062.71,699208.955,683885.9099999999,670324.38,651419.01,628879.91,603539.93,591590.6950000001,578677.03,569582.79,559686.0650000001,554756.8400000001,551762.29,546400.5049999999,541299.4299999999,512529.26000000007,467031.65499999997,449447.52,368131.225,419576.085,482385.235,479523.56499999994,525307.7,594522.85,607207.8300000001,583112.165,545125.65,520442.30999999994,505118.46,477831.60500000004,415047.63000000006,370378.455,372924.25,385729.70499999996,388889.515,378846.965,364406.09500000003,353591.72,351774.66,337098.115,314881.56499999994,303599.82999999996,297744.295,282508.77,226598.95,147369.685,100634.18500000001,91704.63500000001,97631.1,107643.915,102303.785,83155.47,63239.91,47332.27,35789.945,25355.239999999998,17201.315000000002,11107.970000000001,6930.465,4099.825,2426.455
2005,459155.955,450434.05,451820.735,456008.82,473360.04,482781.21,490053.51,480777.71499999997,465299.46,466231.95,458821.925,449578.225,449181.2,456141.83,475012.04,533435.97,567545.47,594279.63,637110.915,663577.44,681379.15,692879.27,700914.89,708458.95,698513.83,683198.0599999999,669501.8300000001,650569.06,628043.8700000001,602592.7200000001,590566.7000000001,577619.2450000001,568484.9850000001,558391.2350000001,553245.855,550072.24,544544.1249999999,539257.2849999999,510417.97500000003,464843.91000000003,447205.05000000005,365999.94000000006,416764.23,479000.38,475942.545,521440.85500000004,589994.4900000001,602277.6349999999,577949.7899999999,539689.1149999999,514810.94499999995,498762.75,471213.40499999997,408470.915,364316.07,365618.88499999995,377943.825,379511.29,368373.905,353104.215,341188.31,337431.24000000005,320532.52,298293.33999999997,285285.79,277052.91500000004,260407.6,206097.735,132523.59,89212.705,79820.625,83512.74,90252.605,84093.91,66550.72499999999,49647.26500000001,36257.66499999999,26434.810000000005,18306.795,11926.035,7479.825000000001,4520.264999999999,2601.0299999999997
2006,465746.18,463162.21,455472.68,456576.12,460492.57,477362.37,485788.01,491932.04,481803.34,466068.85,466717.44,459121.8,449743.43,449066.73,455911.24,474677.495,532692.94,566601.09,593111.26,635915.39,662338.98,680196.4,691721.33,699821.035,707294.96,697379.54,682043.39,668238.16,649281.6749999999,626862.35,601338.1799999999,589202.51,576129.51,566890.0750000001,556692.2600000001,551401.53,548048.7200000001,542398.31,536915.0000000001,507899.995,462431.62,444642.11,363521.845,413560.27,475437.76,472338.43,517352.585,585038.22,596934.545,572374.37,533976.54,508666.19,492128.84500000003,464109.175,402392.68500000006,357280.50999999995,358291.15,368797.29500000004,369192.435,357371.915,340927.055,327637.83999999997,320944.06,304175.05000000005,280808.14999999997,266004.18500000006,256128.4,237617.325,185543.485,118046.25,77952.325,68597.91,70427.06999999999,74454.66500000001,68024.125,52599.905,38247.73,27117.07,19258.144999999997,13019.545000000002,8201.535000000002,4974.05,2919.705
2007,463090.505,469192.295,467884.77,459664.02,460343.08,463649.82,479674.90499999997,486925.46,492299.44,481866.935,465994.295,466459.94,458698.98,449203.14,448560.98,455500.2,473887.55,531774.92,565497.32,591925.61,634597.51,660900.9249999999,678971.2,690488.0599999999,698532.49,706091.4299999999,696079.675,680642.7600000001,666838.435,647939.2000000001,625467.03,599853.2450000001,587529.5800000001,574467.595,565142.07,554802.7649999999,549309.1599999999,545754.1299999999,539893.595,534226.85,505222.55,459803.08999999997,441636.74,360695.44499999995,410537.55,471778.525,468501.69,512778.48,579796.6199999999,591183.76,566340.415,527649.58,502006.73000000004,484969.87,456892.01000000007,394978.53500000003,349905.03500000003,349849.81,359069.75999999995,358560.52999999997,345206.47000000003,327856.77,311771.40499999997,304859.62999999995,286673.82499999995,262332.33499999996,246318.945,234348.46,214611.61,165008.05000000002,103459.42,67012.16,57922.26500000001,58288.340000000004,60204.704999999994,53786.145000000004,40449.950000000004,28682.010000000002,19728.865,13559.765,8952.845,5404.29,3205.225
2008,459744.74,466256.42,473806.2,471769.51,462950.2,463032.095,465697.115,480736.675,487240.2,492205.13,481677.58,465810.525,465910.1,458240.39999999997,448775.14,448256.77,455032.68,473351.64,530955.21,564477.69,590850.11,633357.99,659815.03,677874.385,689213.24,697302.02,704852.685,694745.7600000001,679305.6350000001,665410.2400000001,646466.8600000001,624043.66,598191.3600000001,585969.2000000001,572668.35,563316.065,552897.6649999999,547166.9949999999,543532.335,537274.9450000001,531444.985,502451.03,456789.135,438459.83,357904.18999999994,407232.21,467871.85000000003,464324.52,508020.48,574038.6149999999,584833.25,559742.41,520911.235,494855.89,477060.19,448529.66000000003,386864.37,341690.845,340565.635,348333.9,346301.835,331995.45999999996,311884.24999999994,296074.91,287263.81,267792.715,242858.17,225085.62,211320.15999999997,190343.21,143937.26499999998,88796.135,56431.39499999999,47591.700000000004,46767.5,47063.39,40968.71000000001,29879.205000000005,20770.995000000003,13785.355000000001,9147.23,5856.25,3380.12
2009,444116.385,462786.15499999997,470736.44,477623.935,474952.885,465515.15499999997,465241.70499999996,467063.885,481336.92000000004,487423.15,492298.01000000007,481625.4,465496.27,465668.08,457944.31000000006,448497.13000000006,448039.81000000006,454775.965,472898.7,530090.2700000001,563506.4900000001,589811.3300000001,632308.1199999999,658863.7599999999,676655.9149999999,687947.905,696072.64,703566.755,693458.465,677950.735,664002.27,644907.09,622541.3699999999,596653.465,584195.61,570868.3099999999,561351.95,550828.78,544969.2300000001,540987.0199999999,534447.4,528545.34,499214.635,453677.655,435223.40499999997,355128.54000000004,403752.55,463640.62499999994,459795.62499999994,502878.30999999994,567920.225,578074.1,552734.0700000001,513758.395,487063.44999999995,468635.87,439650.8,378063.01999999996,332797.47,330575.78500000003,336536.86999999994,333105.34,316238.085,296430.62499999994,279072.38,268430.23500000004,247605.46499999997,221822.525,203071.04,187316.88,166151.34500000003,123604.37000000001,74794.98000000001,46414.135,38233.420000000006,36513.46,35839.615000000005,30394.714999999997,21477.175,14407.560000000001,9340.85,6024.424999999999,3670.8949999999995
2010,410939.17,447685.20999999996,467770.0,475303.39,481371.35,478391.42,468597.02,467405.44,468557.95,482374.19,488290.39,492743.45999999996,481985.54,465770.74,466022.985,458238.975,448821.94000000006,448195.36000000004,454759.03,472577.14,529523.695,562982.5750000001,589168.675,631657.8550000001,657973.285,675870.3750000001,686971.2999999999,695084.73,702659.6249999999,692225.56,676743.9400000001,662466.72,643443.765,621016.87,594956.55,582354.7650000001,568878.1250000001,559240.6799999999,548669.6599999999,542578.23,538334.44,531691.015,525243.41,495949.72500000003,450331.13000000006,431943.25000000006,352082.995,399972.86,459186.8,455190.965,497528.205,561434.63,570944.05,545313.35,506044.00999999995,478817.44999999995,459561.23000000004,429786.12,368358.02499999997,323123.80999999994,319592.88,323915.05,317059.79000000004,300972.335,280015.15499999997,261220.3,248795.77999999997,227120.72,200706.28999999998,180841.58999999997,164363.84499999997,143129.19,104294.045,61914.32,37380.3,29923.565,27906.175,26751.115000000005,21961.705,15119.71,9843.595000000001,6194.969999999999,3809.375
2011,402508.51,415347.69,453686.89999999997,473475.0,480124.16,486603.5,483032.64,472304.33999999997,470459.77,471030.64,484505.82,490003.07,494130.08,483159.33999999997,466947.52,467154.54,459351.725,449707.02999999997,448884.445,455335.06000000006,472892.35000000003,529787.285,563166.9,589113.8550000001,631479.4,657800.5000000001,675504.6150000001,686522.36,694557.4299999999,701716.1449999999,691354.7,675689.73,661226.235,642110.36,619601.62,593375.345,580595.36,566870.625,557169.05,546434.1950000001,540084.1000000001,535483.5249999999,528365.955,521781.48000000004,492445.325,446876.155,428327.76,348745.11000000004,396093.56000000006,454610.185,450261.84,491802.76999999996,554563.2,563468.985,537366.7699999999,497696.595,469795.19,449628.82,419310.585,358212.825,312853.115,308203.015,309018.30500000005,302335.65,284615.94,262770.115,242910.575,228661.615,206192.745,179633.28999999998,159372.85,142029.505,121415.96500000003,86652.47999999998,50260.24,29574.77,23118.685,20927.77,19365.165,15506.095000000001,10307.335000000001,6511.77,3904.3
2012,392074.12,408351.3,422637.675,460886.31,480375.73,487714.61,493302.88,489017.97,477444.39999999997,475068.07,475034.11,488105.70999999996,493120.18,497013.36,485884.48,469391.66000000003,469447.69000000006,461431.95,451573.81000000006,450797.08,456963.73000000004,474392.95,531251.165,564171.43,590089.1300000001,632225.5700000001,658509.39,676040.6649999999,686725.6699999999,694346.3250000001,701513.04,690910.49,675050.89,660390.32,641183.4700000001,618452.0150000001,592138.8,579092.015,565168.22,555200.2449999999,544270.9099999999,537553.8350000001,532578.31,525273.42,518460.89499999996,488947.60000000003,443420.96,424610.205,345467.2,392171.475,449890.93500000006,445242.085,485752.12500000006,547169.055,555275.4450000001,528880.27,488788.575,460124.325,439084.45,408000.685,347052.745,301676.205,295539.075,294565.615,285916.455,267097.025,243965.94999999995,223174.075,207459.175,184456.50499999998,157953.53499999997,137507.425,119937.70000000001,100378.86,69846.225,39838.315,22613.325,17102.415,15089.030000000002,13497.580000000002,10528.675,6711.34,4134.84
2013,384215.23,399189.32,417153.73,430985.55,469300.69,489368.89499999996,495943.225,500751.21499999997,495618.135,483409.365,480524.27,479947.05000000005,492544.03,497399.55000000005,500929.31500000006,489453.195,472732.515,472648.46,464278.84,454355.51,453325.79,459403.69999999995,476637.21,533251.0700000001,565979.745,591643.965,633784.2799999999,659783.915,676862.995,687124.95,694656.4349999999,701601.1250000001,690860.505,674645.61,659773.2,640282.49,617441.9,590921.0100000001,577517.88,563414.2400000001,553236.9799999999,542024.81,535001.075,529761.4600000001,522119.33999999997,514941.765,485260.715,439670.95,420639.235,342062.515,387947.58,444773.97,439751.27499999997,479358.77999999997,539340.3099999999,546519.65,519523.95,479078.19999999995,449469.42500000005,427346.475,395481.13,334722.74999999994,289330.87499999994,281759.335,278555.2,268003.86,247894.765,224075.745,202139.58500000002,185367.005,161872.305,136084.53000000003,115999.82499999998,98858.06,80720.62,54718.72,30443.005000000005,16752.159999999996,12250.039999999997,10414.9,9053.665,6853.460000000001,4235.285
2014,390286.11,392489.93,409447.37,426386.70999999996,439774.365,478965.85000000003,498516.495,504244.73,508054.90499999997,502366.64499999996,489567.035,486371.95,485253.84,497647.77,501949.36500000005,505154.05000000005,493625.84,476734.11000000004,476190.82499999995,467635.785,457512.915,456450.785,462241.095,479211.8,535615.1699999999,568139.8099999999,593671.175,635512.76,661171.16,677833.09,687799.7200000001,695096.695,701774.1649999999,690628.61,674308.36,659121.6200000001,639469.035,616462.27,589631.47,575956.3150000001,561602.18,551060.8900000001,539530.46,532279.2649999999,526947.3200000001,518807.39499999996,511437.26,481402.08,435741.19,416705.60000000003,338521.545,383680.13999999996,439487.85,434136.17000000004,472628.27499999997,531124.2849999999,537407.46,509777.025,468649.125,438388.83499999996,415219.215,382523.19,322019.33999999997,276645.275,267542.35500000004,262497.63999999996,250304.05,229239.30000000002,204373.78,182080.41499999998,164454.24,141244.405,116632.75999999998,97189.63,80943.48000000001,64328.87,42610.06,23192.02,12369.605000000003,8803.945,7243.08,6137.734999999999,4412.6900000000005
2015,412007.305,401646.75,405935.93,421172.46499999997,437603.13,451832.29000000004,490791.47000000003,509575.675,514285.35000000003,517559.84,511062.89,497627.98500000004,494406.95,492569.25000000006,504411.59500000003,508155.93000000005,511012.61,499705.305,482117.19999999995,481159.70499999996,472399.16000000003,461908.76,460736.485,466251.47500000003,482965.21,538927.1349999999,571119.225,596394.055,637912.915,663233.7400000001,679317.795,688799.55,695851.71,702018.385,690733.545,673983.195,658579.8250000001,638763.58,615238.7999999999,588261.28,574238.33,559588.51,548704.77,536757.7300000001,529363.6449999999,523607.955,515101.36,507379.14499999996,477060.33999999997,431444.57,412258.95499999996,334592.54,378836.78,433421.11,427714.74000000005,464975.11500000005,521867.25500000006,526863.5049999999,498283.39,456861.335,425605.98,401154.97,367446.375,307416.94,262033.33,251296.38999999998,244058.28,230287.74000000002,208012.16,182881.44999999998,160327.12999999998,142066.385,119149.34999999999,96155.85500000001,78086.43,63228.13999999999,48951.47,31366.785000000003,16747.355,8483.785000000002,5816.824999999999,4710.495000000001,3770.0899999999997
2016,407189.00000000006,424240.54000000004,415210.615,417437.58999999997,431610.27499999997,449101.305,462898.27999999997,501335.32000000007,519227.12000000005,523520.59500000003,525707.405,518738.29000000004,505368.89,501677.27,499011.02,510565.975,513611.51499999996,516714.68999999994,504918.38499999995,486638.37,485690.625,476360.545,465894.71499999997,464346.65,469709.455,485983.51499999996,541528.67,573534.04,598492.725,639635.7799999999,664477.845,680043.765,689262.5,695856.935,701700.08,690130.735,673124.1300000001,657407.335,637251.3300000001,613499.455,586126.2400000001,571893.995,557026.57,545819.005,533692.6150000001,525907.255,519750.21,510984.785,502820.87,472368.42,426931.02,407495.63,330206.79,373632.085,427131.03500000003,420874.815,456896.605,511888.21,515596.38499999995,486443.43499999994,444267.31499999994,412031.08,386024.3,351630.22500000003,292151.06000000006,247104.975,234777.98,225653.90500000003,210329.75,187494.45,162325.68999999997,139909.785,121650.99500000002,99758.89499999999,78547.20999999999,62381.249999999985,49232.125,37210.805,23032.695,12019.940000000002,5944.679999999999,3910.5200000000004,3035.505
2017,400972.5,416903.03,435387.01,424529.55,425361.9,440743.31,457613.055,470548.57,508425.49,525806.66,529360.315,531351.66,524003.8,510301.85,506217.07,503300.27,514498.25,517268.39,520249.77,508186.8,489611.79,488507.61,479055.975,468474.685,466764.99000000005,472025.08,487862.18000000005,543111.8750000001,574944.7400000001,599489.295,640345.555,664893.42,680099.6900000001,688926.985,695118.2599999999,700665.72,688707.88,671418.8200000001,655490.585,635031.835,610981.4349999999,583491.7,568969.9800000001,553791.545,542469.4950000001,530043.8799999999,521970.4099999999,515501.93500000006,506461.835,497865.41,467245.02,421919.99,402035.82,325388.545,367844.68,419901.115,413275.275,447870.82999999996,500778.42,503122.665,473065.45,430177.915,396618.345,369425.27499999997,333913.205,275330.98,230677.12499999997,216452.51499999998,205698.805,189332.425,165895.425,141204.76,119149.92,100955.245,80831.985,62050.72000000001,47837.1,36755.94500000001,26828.644999999997,16098.510000000002,8156.82,3855.49,2423.8849999999998
2018,398680.87,410217.81,427490.41,444635.8,432647.59,434551.88,449222.84,465281.6,477584.47,514922.39,531719.23,534898.99,536278.4,528843.57,514587.21,510301.81,507091.34,518015.0,520582.17,523510.33,510983.97,492395.19,491179.46,481671.62,470814.14,469131.59,474080.62,489595.79,544805.13,576252.46,600355.7,640920.54,665227.73,679842.97,688368.49,694205.11,699392.09,687064.66,669440.78,653259.5,632522.09,608196.17,580429.27,565658.56,550412.55,538569.03,525772.71,517536.22,510676.73,501394.08,492394.54,461608.36,416308.13,396278.82,320292.69,361366.5,412158.83,404863.17,437908.5,488493.17,489214.5,458094.83,414613.17,379990.67,351322.0,315037.17,257189.5,213002.83,197526.83,184796.11,167352.59,144049.11,120035.45000000001,99040.94,81852.78,63749.399999999994,47744.44,35689.15,26423.839999999997,18688.04,10926.120000000003,5381.35,2425.84
2019,391378.77,407754.19,420334.51,435637.85,452105.1,441104.67,442549.37,456345.63,471844.57,483688.85,520054.61,536588.45,539288.84,540792.45,532670.34,518270.68,513647.78,510264.29,520999.19,523312.25,525991.69,513544.72,494724.72,493374.5,483656.16,472869.79,470862.34,475713.68,490964.92,545950.44,576976.16,600770.04,640954.06,664780.01,679122.44,687256.09,692883.49,697699.23,685064.12,667046.91,650655.23,629645.76,604968.58,577077.18,562075.78,546478.55,534342.58,521408.28,512599.9,505573.17,496110.67,486574.67,455571.09,410387.57,390132.78,314683.25,354537.33,403702.0,396066.5,427434.0,475344.17,474276.5,442157.83,397983.33,362231.17,332363.83,295228.5,238782.5,194975.83,178215.33,164334.61,146139.09,123439.28,100785.95,80884.11,65248.11,49834.23,36162.27,26281.65,18923.17,12941.71,7300.120000000001,3492.3500000000004
2020,379342.75,398789.84,415609.79,425623.49,440072.48,458153.84,446987.14,447932.28,461333.7,476625.11,487532.5,523901.46,540040.0,542603.39,543836.06,535465.94,520790.68,516223.74,512542.93,523087.18,525128.83,527928.94,515344.37,496311.02,494820.02,485096.92,474125.59,472063.28,476655.91,491791.76,546312.34,577074.01,600539.15,640427.16,664080.75,678026.04,685787.29,691150.47,695627.11,682587.21,664327.44,647567.92,626249.44,601474.18,573414.47,558060.82,542268.56,529816.05,516426.36,507519.88,500195.96,490011.32,480207.67,448963.02,403988.01,383298.87,308624.44,347112.0,394466.67,386188.83,415579.17,460417.0,457364.17,424304.5,379443.5,342399.67,311301.33,273409.33,218277.83,175452.33,157973.0,143265.45,124606.92000000001,102863.94,81702.78,64154.94,50379.44,37323.73,26294.940000000002,18582.99,12942.669999999998,8645.04,4625.96
